Gender,Ethnicity,ParentalEducation,StudyTimeWeekly,Absences,Tutoring,ParentalSupport,Extracurricular,Sports,Music,Volunteering,GPA,GradeClass
0,1,2,2.0206133149153955,1.410630758340448,1,4,1,0,1,0,-1.413438406066157,2
1,0,2,0.13674537186632185,0.5870250640661648,1,0,0,1,0,1,-0.8928444243521297,3
1,0,1,-0.5332590618457524,-1.2232909468508233,1,4,0,1,1,0,-1.1628943776951293,2
0,1,1,-0.8056579370411106,0.9181302426072101,1,4,0,1,0,0,0.27174046183439726,4
1,3,1,0.5414743874162592,1.1511652628048683,0,0,1,0,0,0,-2.6041292274092416,4
1,0,2,1.2498012046275284,-0.7541247961039077,1,1,0,0,0,0,1.9093874301359899,4
1,0,1,1.9569122990964631,-1.8020641291301214,0,0,1,1,0,0,0.6877078507949341,3
1,3,3,-1.3502709208763133,-1.8935533130017952,0,0,0,0,0,0,-0.012282093131300104,1
1,0,3,2.079728133835783,-1.5638510713312361,0,0,1,0,0,0,-1.9843935407493198,2
1,0,0,1.512791839466531,-0.35134738514056385,1,4,0,0,0,0,0.6116355826409011,2
1,0,0,-1.113477680995221,-1.5442336596335544,1,0,1,0,0,1,0.3442534265037416,4
1,1,0,-0.24001300609124715,-1.0782793931106447,0,3,0,1,0,0,2.1361547010622832,4
0,0,3,-0.38562857767196157,-2.1723254264507728,0,4,0,1,0,1,-2.4932984744812083,3
1,0,2,-0.9528043607696136,-2.1956157429403826,0,0,0,0,0,0,1.208616503877576,3
0,3,0,-1.55865923955692,-0.5594701550696924,0,4,0,0,0,0,0.4632707574279289,4
1,0,3,-1.161293087820829,0.4040657508815573,0,3,0,1,0,0,-2.609518913320517,3
1,3,3,0.257929037347266,-1.63946833568953,0,3,1,0,0,1,-0.4638376815828042,4
1,0,2,1.8882571817579668,-0.2991494791375515,0,3,1,0,0,0,-1.3456910499048322,3
1,0,4,-0.10486276583026542,1.1397481062787982,1,4,0,1,0,0,-0.2673809764147199,4
0,1,4,1.540983519632119,-0.5103482277350836,1,2,1,1,0,0,-0.9062223873757977,4
1,0,2,1.5962248632305163,-1.8370877099407963,0,0,0,0,0,0,-0.984078101922031,4
1,2,2,-0.24848759256934902,1.1593438909272629,0,3,1,1,0,0,-0.25483462812550417,3
1,0,1,1.8167332059425583,-0.8661361361225073,1,0,1,0,0,0,1.8308650149182997,4
1,0,1,1.5992362282337302,-1.9892518406203068,0,2,0,0,0,0,0.5826440470188687,4
1,3,1,-0.2981213750224265,-1.6104629488241766,1,3,1,0,0,0,-0.9325635358524265,1
1,0,1,1.8468484197436377,-0.9457207114503581,0,3,1,1,0,0,0.1338828792860484,3
1,3,3,0.3656474132514314,-1.5237250370218538,0,2,0,0,0,0,-0.774765125526174,2
1,2,3,2.049207058976873,-1.6230592694725876,0,0,0,1,0,0,-0.415842004430214,1
1,3,0,0.8833558024923698,-2.0083836331688216,1,3,0,0,0,0,-0.7283289091639118,3
0,0,1,-0.09897710903163881,-1.1401265960965268,0,2,1,0,0,0,-0.2994809180210497,2
1,2,4,0.4763398577488131,-1.4228451678230307,1,0,0,1,0,0,0.21745123626695048,4
0,1,0,1.330719627481996,-1.1681096831875322,0,4,0,0,0,0,0.8712654341297164,4
0,0,2,-0.9295822915471649,-0.41960522006896483,1,4,0,1,0,0,1.0608695624412392,4
1,3,2,-0.41062263594363135,-1.3047552767087094,0,0,1,0,0,0,-0.6350793982763846,3
1,0,2,0.06664521157689274,-0.6161963908863843,0,2,0,0,0,0,-0.9327508525532606,3
1,0,1,-1.0894012960816468,-2.0200438094948074,0,2,1,0,0,0,-1.1808937840265927,2
1,0,2,1.2928700579272108,-1.7520714916796223,0,0,1,0,1,0,-2.1211834196862385,1
1,0,4,0.2772890735411692,-0.9179968316322489,0,3,1,0,0,0,1.2866964134306254,4
0,0,1,-0.5282675055089828,-0.6902189594313988,1,4,1,1,0,0,-1.3193700141673959,3
1,2,3,-1.5619903099979153,-1.8752945370482599,0,2,1,1,0,0,-1.70625004653298,4
0,1,0,-0.7185773850209483,2.1888295526948904,1,0,1,1,0,0,2.5679118854440697,4
1,2,1,0.7444836918192466,-0.5942173082433091,0,3,1,0,0,0,-2.3641280577351598,4
1,0,2,-0.32310787345276815,-1.5645922567929087,0,0,1,0,0,1,-0.5177208535625835,2
1,2,2,1.110385683803254,-1.4283919321165768,0,3,0,1,0,0,-1.5374064008618475,1
1,0,2,1.9944081601280208,-0.2834302380317021,0,3,0,0,0,0,-1.1310935520025218,2
1,2,2,0.8157659407566538,-1.7167882188996575,0,3,0,0,0,0,0.35847583667021965,2
1,2,1,2.3677380769821004,-1.7451671101095043,0,0,1,0,0,1,-0.062426368778945696,2
1,1,4,0.8325132932234515,-0.4560519971107009,1,4,0,1,0,0,-0.1906177676376385,1
1,0,1,2.3255226535076834,-0.19890795543393475,0,3,0,0,0,0,-1.8103719557261966,1
1,3,4,1.294684094000614,-1.6383680109416916,0,2,0,0,0,0,0.911455277494919,4
1,0,3,-1.7287229375759066,-1.3286735135216563,0,3,1,0,0,0,-2.65804654724377,4
1,3,1,2.076770988909959,-1.587557440456038,0,4,0,0,0,0,2.172396414243366,1
0,1,4,1.9156626297789583,0.7510110355570181,1,0,0,1,0,0,0.5738461156142884,3
1,2,2,1.4477898190179819,-2.2389271295303512,0,1,1,0,0,1,-1.7764391701041984,4
1,0,2,-0.01029219884417204,-2.2598577084367424,0,0,1,0,0,0,-1.4266895062875866,3
0,0,1,0.36283029259419314,-0.6957073603542875,1,1,1,0,0,0,-1.8906132049704234,3
0,0,3,-0.883317857115223,-0.9524710454843193,1,4,0,0,0,0,1.166120368427794,4
0,0,4,-1.8343917638345864,-1.3504256769499663,0,3,1,0,1,0,0.7037925992000527,1
1,3,1,-0.92392890808822,-0.43566356164461084,1,0,1,1,1,0,2.0319505255961117,4
1,0,1,0.08199502385235236,-0.8859520972106949,0,3,1,0,0,0,0.16785975168370007,4
0,0,1,-1.0654372348061234,-1.8554969774250594,0,2,0,0,0,0,-0.7967420973842252,1
0,1,0,0.3108845273646695,-1.3290723983970214,1,2,0,1,0,0,2.417294687826291,4
1,3,2,-1.9347365573131066,-1.6376487656882726,0,3,1,0,0,0,-1.8308415148601558,4
1,3,4,2.2359381880743108,-1.9582611497336777,0,0,1,0,0,0,-0.7036014929335151,4
0,0,2,-1.0756093940879552,-0.45988419713611817,0,4,1,0,0,0,-1.6075163359098683,2
1,0,1,-1.59520507942914,-1.9528096207894117,0,3,0,0,0,0,-2.144177731810539,4
1,0,2,-1.1372426316582567,-1.6958225978038446,1,1,0,0,1,0,2.120562440874883,1
0,1,4,0.48601923743492176,0.14725826767304118,1,1,0,0,1,0,-0.2367751651912673,3
1,2,3,-0.17652641439855976,1.6137464126075132,0,3,0,0,1,1,-0.6556348669501045,3
0,1,1,1.352745808570171,-0.980024896145459,0,4,0,0,0,1,-0.014123360401243623,4
1,0,3,0.5713497467227517,1.8608258545647087,0,3,1,0,0,0,-1.4327052101342823,4
0,0,3,1.1083880917303486,1.95311838635307,0,4,0,1,0,0,0.3804522050396163,4
0,0,1,0.6349945385442024,-1.0508927137262978,0,1,1,0,0,1,-1.144255191449693,3
1,0,3,1.0632822914009448,-1.7568352079149885,0,3,1,0,0,0,-1.838141286546283,4
1,0,3,2.2914126504003707,-1.585044295256906,0,2,0,0,0,0,-0.8701808685413781,4
1,0,2,0.07903648656042613,-2.2292073583415597,0,0,0,0,0,0,0.5221230458123425,3
1,0,3,-1.4281778722254015,-1.7165746514279707,0,4,1,0,0,0,-0.8991822954066753,4
1,0,3,1.5917958903312899,-1.710458667333352,0,3,1,1,0,0,-1.8776217526276517,2
0,0,2,-0.20472659556442435,0.46157742183866846,1,0,0,1,1,0,1.2152883264439105,2
0,1,4,0.7609472235024364,2.1146160100589864,1,2,0,1,0,0,2.565716282529676,1
0,3,4,1.4623146684121762,-1.5107062249517218,0,3,0,1,0,0,2.0262807643881744,4
1,3,4,0.06761021187549843,-0.7533918871640857,1,2,1,0,0,0,-0.7436342202929279,4
1,0,2,0.7626949541770411,-2.190213652828877,0,3,0,0,0,0,-1.9273481636499838,4
1,0,0,1.7183999171314288,-2.1977426484788136,0,0,1,0,0,0,0.8113287805541765,4
0,0,1,0.8119676209362127,-0.3195450273836864,1,1,0,0,0,0,1.714855725713244,2
1,3,3,-0.5305778982950694,-0.7196524572202679,0,3,0,0,0,0,-0.09083456070570106,2
0,1,1,1.0127846810964858,0.8341134277355627,1,4,0,1,1,0,2.317563164398684,4
1,2,0,-1.2556751582819543,-1.854074885972384,0,3,0,0,0,0,-1.5750594781028329,4
0,1,2,1.6815441586847957,0.2366415175312675,1,4,0,1,0,0,1.2652514516249351,3
1,3,2,-0.6808886082217527,-1.985708816337348,1,0,1,0,0,0,-0.6447429851881484,3
1,0,3,0.6658784952230753,-2.106832506578548,0,0,1,1,0,0,-1.382639994444002,1
1,0,3,-0.5780777529150366,-1.0987387667733701,0,2,0,0,0,0,-0.061381444270667246,4
1,3,4,1.7048556848410519,-1.0277360754213583,1,2,1,0,0,1,-0.8437676195390637,4
0,1,4,-0.6496908876473522,-1.3909126830800687,0,4,0,0,0,0,1.157071548398315,3
1,0,1,2.322414525127557,0.09010521181090703,0,3,0,0,1,0,-1.599044507114053,2
1,3,0,1.7749876516006176,0.5960367635286846,0,0,0,0,0,1,0.538644140076897,1
1,0,4,-1.3523007483430325,-1.5465247801217235,0,3,1,0,0,1,0.051133392350662527,4
1,3,1,1.8586704182425582,-0.803671448329827,0,3,0,0,0,0,-0.7866649488496761,1
1,2,2,1.6303662851165615,-1.2295995853075308,0,2,0,0,0,1,-1.6402022471383737,4
0,0,4,-0.41933597176888227,-0.412123774444436,1,1,0,0,0,0,0.23616402240134016,2
0,0,1,0.8201207817382368,-2.35454791863235,0,2,1,0,0,1,0.2811781965771864,1
0,1,2,0.5268695133727195,1.886833097481996,0,1,0,1,0,0,0.36823046076740695,4
1,0,3,-1.5728914351583116,-1.428531272290474,0,0,1,0,0,0,-2.620216884649948,1
1,2,2,0.9945494025188252,-1.155317298899983,0,3,1,0,0,0,0.1827312487808005,4
1,0,3,1.0656548822973353,1.369671271283008,0,3,1,0,0,0,-0.9703127864949652,1
1,0,1,1.1269560149310074,-2.003609678618239,0,1,1,1,0,0,-0.03489983425752108,4
1,0,0,-1.756935280578761,-1.1357330132917103,0,3,1,0,0,0,-1.0341703772533302,4
1,0,2,2.0510721684448945,-1.3771826919931438,0,3,1,0,0,0,-1.9399473231271376,1
1,2,2,0.07486018247308557,-0.9408525054937449,0,3,0,0,0,0,-0.5658062605699541,4
1,0,2,2.085791015765433,-1.9167365350366408,0,1,1,0,0,0,-2.5510214885660645,4
1,0,3,-1.3454881917171886,-2.237106523799357,0,3,1,0,0,0,-0.9636890239868214,3
1,0,3,-1.0423453238815485,-1.9608659409725757,0,2,1,0,0,0,-2.334486886594571,4
1,3,3,-0.6056253903569467,-1.8476270540701587,0,3,0,0,0,0,-1.5526224673232725,1
0,1,0,-0.0814867325619445,1.9632740590393505,1,0,0,1,0,0,-0.6574653559635594,2
1,2,2,-1.103293658932945,-1.2339673525486625,0,0,0,0,0,0,1.233253805240412,4
1,0,0,1.2141292361436746,0.7341420277116594,0,2,1,0,0,0,-1.7471511952608614,1
1,2,2,1.772392955552712,-1.3759551149005422,0,0,1,0,0,0,-1.5851912829350097,3
1,0,2,1.1198425107446912,-0.7546340989397181,1,4,0,1,0,0,0.23682506961244765,1
1,2,3,1.547634978039035,-1.364325743882764,0,3,1,0,0,0,-0.1989643043417797,4
0,0,0,0.6232036562455476,-1.0476578190399772,0,3,1,0,0,1,-1.0059747930967358,4
1,0,2,-0.5271064829910966,-1.896253563998083,0,3,1,0,0,1,-0.7911111685033618,1
0,1,0,1.2966526187271905,2.055939934514313,1,4,0,1,1,0,2.5199936945119137,4
1,0,1,1.8506867764496153,-1.5240504115186064,1,2,0,0,0,0,0.45132353603820596,4
0,1,0,2.216925596429066,0.12344057027783413,0,3,0,0,0,0,2.9815154711276506,1
1,0,2,-1.6603727483172288,-1.2689856431411817,0,3,1,1,0,0,-1.4885748549962785,4
0,2,0,1.1962257287823619,0.6356082183959806,0,1,0,0,0,0,-0.1792298748568943,4
1,0,3,2.0055859978948347,-2.0503055537928176,0,3,1,0,0,0,-2.5501838139213557,1
1,0,0,0.3894890310462827,-1.5655462847154527,0,3,1,0,0,0,-0.32096664345866277,4
0,1,2,2.1735381464221915,-0.30094555386413047,1,0,0,0,0,0,1.3959052245105834,4
0,0,0,0.9088406034481362,0.8900101428990956,0,4,1,0,1,0,-0.10171109090993513,3
1,0,2,-0.5768095679041372,-1.5715271060794453,0,2,1,0,0,0,-1.0003174099233534,4
1,2,1,-0.6274601781044798,-1.1419697003141138,0,2,1,0,0,1,-1.6117330078537877,4
1,0,1,2.0448592674648025,0.6795797955226366,0,2,1,0,0,1,-1.4719857590483445,1
0,3,0,1.3029829480880364,-1.1619952526875181,1,2,1,0,1,1,-0.13326542106536932,3
1,3,2,-1.055714228361912,1.0320632129580682,1,4,1,1,0,0,0.45843465092447533,4
1,0,1,-0.85913966187416,-2.261793073022552,0,3,1,0,0,1,-2.4868984713081845,4
1,2,2,-0.9209256839970374,-0.6363511391714136,0,3,1,0,0,0,-0.6180060951383548,1
0,1,1,-0.6244439009467092,0.031832167875757406,1,4,1,0,0,0,2.7502446775796843,4
1,0,2,-0.5813626685505391,-1.9541526170145356,0,3,1,0,0,0,-2.555196802990313,1
1,0,1,0.9864210363195136,-1.7985322216796686,0,3,1,0,0,0,-1.5797764911651229,3
1,0,0,1.9166241708170608,-1.6194384791485725,0,3,1,0,0,0,-1.3340919689230326,1
1,3,1,1.7554572012078449,0.9941966590732907,0,1,0,0,1,0,-0.24890815936607158,4
0,1,2,1.5628627952213703,-0.6360945322733831,0,0,0,0,0,0,-1.608209760830705,4
1,3,2,1.7524503728420997,0.8657713939866345,0,0,1,0,0,1,-1.0758685633841558,4
1,0,1,-0.7814196222199223,-1.6107734088127224,1,0,1,0,1,0,-1.721157562521198,1
1,0,1,-0.02223171151939274,-0.517345570606143,0,0,0,0,0,0,-2.0940777743676753,4
0,3,1,-0.7058404446383622,-1.9713391710204187,0,4,1,0,0,0,1.3279740955790824,2
1,0,0,0.5605137789760151,0.7587240219534341,1,4,0,0,1,0,-0.0016965133809923039,3
1,0,4,-1.2314905558954015,-2.223241555058748,0,2,1,0,0,0,-2.147380996052685,2
1,3,1,0.28452715396697326,-1.3064446209577518,0,3,0,0,0,0,0.7200285138570013,2
1,0,2,1.8168102472428873,-1.0989091615772029,0,2,0,0,1,0,-2.861705382899398,1
1,0,3,-0.8394567835822857,-2.0810032022126386,0,2,0,0,0,0,-2.1363416071658357,4
0,0,0,1.9104310849476156,-0.8250556423365242,1,4,0,1,0,1,-0.44779648743210876,3
0,0,4,0.39829627631422554,-1.436304950459601,0,2,1,1,0,0,-1.0244512672544088,3
1,2,1,1.7527480611655994,-2.1170238109920883,0,3,1,0,0,0,-2.8009012053120745,3
1,0,3,2.1811192100731156,-1.55384374704324,0,0,0,0,1,0,-1.190057499223939,2
0,1,1,-1.7594703688984399,-0.2872853604237757,1,4,0,1,0,0,-0.7164689900345986,3
0,0,2,2.095610007382956,-1.0711173219820607,1,0,0,1,0,0,0.9105509275856427,3
0,1,1,-0.9272230563805774,0.01799980284825234,1,4,0,0,0,1,-0.2937050774606893,4
1,0,2,0.7610858147029942,-0.5819142199454916,0,2,1,0,0,1,-1.8132394384984807,4
0,1,0,0.44267848735312415,1.0249273849271234,0,2,0,1,0,0,1.0884327788044657,4
0,0,4,-0.6674613325003367,-0.2774154774718265,1,4,0,1,0,0,-0.18747121899123836,3
0,0,0,0.8716050704081229,0.9636498942170544,0,4,0,0,1,1,1.1356926016350966,2
1,2,1,0.7138331273177974,-1.2259595821969016,0,0,0,1,0,0,-1.9694956468302616,4
0,2,2,-0.03577053779569461,0.7440628262545772,0,0,0,1,0,1,-0.1820588818210116,4
0,0,4,1.771156726610112,-1.2017042935738644,1,3,0,0,0,0,-1.052252176193806,4
1,2,2,-1.0162522292896377,-0.357486914824528,0,3,0,0,0,0,-1.0567559128521824,3
0,1,1,0.06084563728032321,-1.4029844675257626,0,1,0,0,1,0,-0.7021640146530586,4
1,1,0,1.291697463394938,1.827335857717244,0,4,1,1,0,0,0.8181708855475944,1
1,2,2,1.9611256936244374,1.7173400754778765,0,3,1,0,0,0,-2.1741716015551464,1
1,0,2,1.524556735592297,-1.7621410978491125,0,3,0,0,0,0,-2.0511170604456757,4
0,2,4,1.6680735202018375,-1.7393151680490693,0,4,0,0,0,0,1.6420033997711778,3
1,2,1,1.1382194983223015,-0.473648135016628,0,3,1,0,0,0,-1.310605873735401,1
1,0,0,1.891424530278822,-2.2842061954739115,0,0,1,0,0,0,0.6787846568654584,3
0,1,0,0.6284509113721712,0.5361645341252074,0,4,0,0,1,0,-0.7971003259130486,2
1,0,1,-0.6681664527900741,-2.333263396350638,0,2,0,0,0,0,-1.4853005737947158,3
1,2,1,-0.8694768800579511,-0.9911944600600742,0,2,1,1,0,0,0.04042457057968721,4
0,2,0,-0.8298835447908436,0.24908922204022516,0,3,0,0,0,0,-0.8566500124088896,4
0,1,4,1.282402267608557,1.0576153254122058,1,4,0,1,1,0,1.9894100941446005,1
1,3,1,0.8404560636800195,1.93582504422384,0,2,0,0,0,0,-1.957321850595483,1
0,1,4,1.9526902667301684,-0.5960609762231049,1,4,1,1,1,0,2.512064883055678,2
0,1,2,-0.5321621585378866,1.353180120430043,1,4,0,0,0,0,2.933529285081417,4
1,0,2,-0.832572464927823,-0.38059494288049645,0,3,0,0,0,0,-1.3381377725083639,4
0,3,2,0.057825613274211984,0.12966073962076413,1,0,1,0,0,0,0.8609777013688373,4
1,0,3,-0.6458739162830213,-1.3339743250436176,0,0,0,0,0,0,-0.01726107352277531,4
1,0,3,2.2852787391319898,-0.30277290781659427,0,0,0,0,0,0,-0.7506625974726964,4
1,1,2,-0.10668345359432746,2.2893468624465902,0,2,0,0,0,0,-1.3584655272424009,4
0,0,4,1.4478508623302757,-1.0982885523190327,1,2,0,1,0,0,2.0507701602973,2
1,0,2,2.1726262859754497,-2.0481436405892897,0,3,1,0,0,0,1.41757711253358,4
1,0,1,1.4756060837674176,-1.8610225265211673,0,0,0,0,0,0,0.4631734552267964,2
1,0,1,2.4693191996440667,-2.2937294542073454,0,1,0,0,0,0,-0.5176508091037725,2
1,0,1,-0.755699998962125,-2.1171941540094346,0,2,0,0,0,1,0.8758954972588001,4
1,3,2,0.7772695164179664,-1.2568211434786203,0,3,1,0,0,0,-1.0385313833375547,4
1,0,0,1.5782218685277638,-1.9537609040281536,1,0,0,1,0,0,-0.3290247105138848,4
0,0,3,1.1926999175347566,1.5696160573552798,1,0,1,1,1,1,0.5192329078701535,4
0,0,0,-0.06909671369885692,0.9789176987356905,1,0,0,0,1,0,2.010216773398704,2
0,1,1,1.8092413258800635,-0.08226554080511761,1,4,0,0,0,0,3.082518519364394,2
1,2,2,0.9773439810163893,-0.5119887910925167,0,0,1,1,0,0,0.7104955577004429,4
1,0,2,2.1102282964354226,-1.2747707786635831,0,2,0,0,0,0,-0.20792974515728468,3
1,0,3,1.690685546040203,0.5611505909369577,0,3,1,0,0,0,-0.4393967090789308,4
1,0,4,-1.2877881813753145,-2.2053952412106512,0,0,1,0,0,0,-1.7252235909140328,3
1,3,1,1.5553515968939045,-1.7407866292858558,0,4,1,0,0,1,0.28496977005720603,3
0,0,4,1.0593179677034628,0.7048968923747146,0,4,0,0,0,0,1.3772738880679407,4
1,3,0,-0.3804819474209998,1.161130229363913,1,2,0,1,0,0,-0.7317128636990389,3
1,0,4,-0.5768639212731757,-1.5182251222367267,0,3,1,0,0,0,-2.017831522713594,2
1,0,1,1.14771629555068,-1.3608624698098986,0,2,0,0,0,0,-1.4314802211916309,3
1,0,2,2.25335517210099,-1.1500734337679053,0,0,1,1,0,1,-1.240249493161394,4
1,3,3,-1.0537910492882263,-1.9304924069116614,0,1,1,0,0,0,-1.5332246557809557,3
0,1,4,1.9088220444509245,0.7616383850349436,0,2,0,0,0,0,-0.44950186094251066,3
0,0,1,1.7037034351014235,-1.389189548639672,0,1,1,0,0,0,-0.2737009615758247,4
0,0,2,-0.6863840129288213,-1.3494443694165996,1,1,1,0,0,0,-0.5008676734723294,3
1,0,4,-1.0421668007543905,-1.4294463999303273,0,3,1,0,0,0,-0.012461567012821279,1
0,1,2,-0.45204359344596295,1.7242730248730567,1,4,1,0,1,0,-0.34059076232172636,4
1,3,0,1.5714698621782184,-1.9760789464896933,0,3,1,0,0,0,-0.04163646629086026,0
0,1,0,1.0474458661303174,0.5007022533055694,1,4,0,0,0,0,2.7274681740592124,3
1,0,2,-0.740255419554646,0.42735077249504644,0,4,0,0,0,0,0.3594499920416334,1
0,0,4,0.6556390600927069,-1.9924541788685737,1,4,0,0,0,1,0.2905954040456775,4
1,0,3,1.8218188447997046,-1.53133311063718,0,3,1,1,1,0,-0.6086100625062683,4
1,0,1,1.6102075382638186,-1.0335607432653962,0,3,0,0,0,0,-2.321213297488284,4
1,0,1,-1.2204061384836165,-0.9749075063790769,0,1,0,0,0,1,-0.7852402132363672,4
0,2,1,-1.2092428932843384,0.3885594857618265,1,3,0,1,0,0,-0.9305519551433477,2
1,2,1,-1.2772020966172764,0.2831081859567882,0,3,1,0,0,0,1.2679996827424085,4
1,3,2,1.1991877131428035,-0.9250434029888899,0,2,1,1,0,0,-2.7252303778808367,3
0,1,2,2.1280707778247305,-2.0568662802363322,1,4,1,0,0,0,1.3863229840014972,2
0,1,0,1.3947187369378442,-0.670405173375658,1,4,0,1,0,0,-1.4214987069198466,3
1,0,0,1.741917723489939,-1.9989094680249022,0,3,1,0,0,0,0.4674696121553219,2
0,2,0,-1.3560470207906175,1.040484121099038,1,2,1,0,0,0,2.2097774186715897,4
1,0,0,0.8381628252056679,-1.2303218428082672,0,3,1,0,1,1,0.8965838200531655,2
1,0,1,0.9067726128822894,-2.0532235497040636,0,1,1,0,0,0,1.3044504406866801,1
1,0,2,1.3090194334994227,-0.9436037143930736,1,4,0,0,0,0,0.10280446641903285,3
1,0,1,2.3535671761978088,-1.6875192906028262,0,3,1,0,0,0,-1.5591910695848288,4
0,0,4,0.8610101402985518,-0.010318246197864589,1,4,1,0,0,0,-0.21130278316365814,3
1,2,2,-0.7805366099839385,-1.8469847980604936,0,3,1,0,0,1,-0.04308924468702796,1
1,2,2,1.561393859844521,-1.1091095804124256,1,3,0,0,1,0,-2.2863736652361535,4
0,1,0,0.46719686303759045,0.408571320257506,1,2,0,0,0,0,-1.076800998567441,4
1,3,2,-1.6441085590707765,-2.404441781990302,0,3,0,0,0,0,-2.3965639422733513,4
1,0,2,2.205514912424214,-0.6098882444013018,1,0,0,0,0,0,0.42818935188953255,4
1,3,4,-1.2403829177125825,1.1967577408542893,1,0,0,0,0,0,-1.2520600620769884,4
1,0,1,1.4967642353990525,-1.261021243337559,0,1,0,0,1,0,-0.4366502281738198,4
0,0,0,-0.9380401008253547,-0.38798052448623865,1,0,0,0,0,0,2.1796413196023434,4
0,0,2,-1.0342908796889383,1.447375030920189,1,1,0,0,1,0,-0.07027665003114802,4
1,0,3,0.5004180291714295,-1.6797868085839724,0,0,1,0,0,0,-1.1609337946411034,4
0,1,3,1.9979923547523948,-0.9836067137188641,0,0,0,0,1,0,-0.05150465669193238,3
1,0,1,-1.097829088116097,-1.7348757542034081,0,3,0,0,0,0,0.5079870104590902,2
0,2,2,1.2820558183222068,-0.5876047262643155,1,4,0,1,0,1,2.163160226000293,3
1,2,1,2.063787302481085,-1.885706003079477,0,0,0,0,0,0,-1.6542949099167656,4
0,0,2,-0.08631461271930482,-0.5728399502898149,1,4,1,0,0,0,0.10110350552361769,1
1,0,3,1.718186723713908,-0.9217749506591035,0,0,1,1,0,0,-2.668321368727175,4
1,3,2,1.6176218340169508,-1.0001316338598913,1,3,1,0,0,0,1.2463322749332304,4
1,0,2,-0.5536419028742244,-1.0746455353297861,0,3,0,1,0,0,-2.011935718331935,4
1,0,1,-0.6622449450507747,-1.555019593751039,0,3,1,0,0,0,-0.8877046021126738,4
0,0,2,-0.5497363139892179,-1.5312385139879037,1,0,0,0,1,1,1.0781909484275,3
1,0,3,0.5909296301460384,-1.7806870126099577,0,2,1,0,0,0,-1.6467331801408525,4
1,2,2,1.343684795966865,-0.6565103065699857,0,3,1,0,0,0,-0.9093215187406183,3
1,3,4,2.2946120389399374,-1.5053367603269192,0,0,0,0,0,0,-0.2611876280763127,4
1,0,2,-1.236414005890136,-1.6666982228539182,0,3,0,0,0,0,0.734598394115231,3
1,0,4,1.018816249738928,-1.7903855513391487,1,4,0,1,0,0,-0.2743813635237473,2
0,1,0,1.746821729402686,1.2052405483449986,0,4,0,0,1,0,0.6323808223740083,3
1,1,0,2.321601759081781,-1.8069777690978466,1,2,1,0,0,0,-0.8894120519120399,4
1,3,2,0.5826282113383574,-0.7093704998935579,0,3,1,0,0,0,-1.5627405900685971,1
1,0,2,1.930496937326239,-1.7349566792201612,0,3,0,0,0,1,0.9312926027021906,4
1,0,3,1.9900916226595329,-2.0636122642054,0,0,1,1,0,0,-1.2380762778207126,2
1,3,2,-1.515095412458647,2.04028262875936,1,0,1,0,0,0,-1.7624064684461345,4
1,0,3,-1.806847150883715,-1.6171540563793667,0,3,0,0,0,0,-1.4111024793714815,2
1,1,4,-0.13059432195758447,0.05719869516047349,1,2,1,0,0,0,-0.4636335837799316,4
1,2,3,0.7856236573264572,-1.8075636468855163,0,0,0,0,0,0,-0.5022191013244077,1
1,1,2,-1.9813142478792347,-1.36130581392365,1,2,1,0,0,0,0.18590405300003043,4
0,3,4,0.6436666473098782,-1.926623956345463,0,3,1,0,0,0,0.4497429838985274,3
1,0,4,2.0267123289203988,-1.7598761640611174,0,0,1,0,0,0,1.0799643650225106,4
1,0,4,2.0793121520448055,-0.8089220491503593,0,4,1,0,0,0,2.334579878262791,1
1,3,1,0.7597597089388944,1.2989371459777594,0,0,1,0,0,0,0.5449883229212874,3
1,1,4,0.20891516049867634,-0.7493883349697901,1,3,1,1,0,0,0.5476318099817498,4
1,0,2,-0.4878881942230455,0.710481298065651,1,4,1,1,0,0,-0.249666037647149,2
0,3,2,-0.6843855565974416,0.7436755590097636,1,1,1,1,0,0,2.258306539247721,2
1,2,1,-1.3367733012388752,-2.067770650049197,0,3,0,0,0,0,-1.079306401480006,4
0,1,0,2.2828519478984157,-0.5913749206028351,1,4,0,0,0,0,0.029082716284323462,2
0,2,4,-1.1398770477908733,-2.08643650231354,0,2,0,1,0,0,-1.9203945044055528,2
0,0,2,1.4074904100909627,-0.46981926858205103,1,4,0,1,0,0,-0.12906583361827595,4
0,1,2,1.49403406628569,0.14533486682516095,1,2,0,0,1,0,0.4578663005302731,2
1,3,3,1.9740776623662473,-2.061370185520259,0,1,0,0,0,1,-1.199195639925201,4
1,0,2,1.4417992038649736,-1.0773544346693746,1,0,1,0,0,0,0.19977398427569004,3
0,1,1,1.738066492982466,1.3693579592027614,1,4,0,0,0,0,0.3239892927569685,4
1,3,4,-0.5165439415080386,-1.294843153245669,0,0,0,1,0,0,-1.7482524996941624,4
1,0,1,1.6221479617500032,-2.3827954447872717,0,0,0,0,1,0,-1.8867034928345263,4
0,3,2,1.7921462173311193,-0.7999763443972109,1,4,1,0,1,0,1.0894291533852098,3
1,1,4,-0.40909190365525316,0.26752121393335127,1,1,1,1,0,0,-0.38185749816774084,4
1,0,3,-0.8514923795481801,-1.7991320818187824,0,3,1,0,0,0,-0.21554224125701157,1
1,1,0,-1.5218913848143822,1.9269532119972939,1,3,0,1,0,0,2.9260735336496166,2
1,0,3,0.30122450475867485,-0.029912405599556602,0,3,0,0,0,0,-1.5954910045449509,4
0,0,2,0.986853502583152,-0.8189078268146672,1,1,1,0,0,0,-0.0516943331127202,4
1,1,0,2.232850845206489,0.07794636545691414,0,1,1,0,0,0,-0.9857655031768191,3
1,0,2,0.6428562309602471,-1.438420186776333,0,0,1,0,0,0,0.9883827817724558,4
1,0,1,-0.4403063721486118,-0.423695688665607,0,3,0,0,0,1,0.453856906134666,4
0,1,2,1.155395623461534,-0.5050311730139374,1,4,0,0,0,0,2.3165228090140326,4
1,2,3,2.026368227671844,-2.2755404519137326,0,3,1,0,0,0,-0.7810663365925681,4
1,0,1,-0.9293009772344054,-2.125313515609233,0,3,0,0,0,1,-0.5519373946688718,1
0,0,1,2.298547606709207,-2.2255720160147456,0,4,0,0,0,0,-0.937775502367853,4
0,1,2,0.48190849309507383,1.0319162884550184,1,0,0,1,0,0,2.809334988794082,4
1,0,3,2.1012708129164537,-1.7950194752293431,0,3,1,0,0,0,1.003768219380549,4
1,0,2,1.0809394841470448,-1.227148746662897,1,3,0,0,1,1,0.6468374234595922,2
1,0,4,2.371164444464402,0.17543840586329784,1,2,0,0,0,1,-0.09321433572545246,1
1,0,1,-1.1772453301363808,-1.4519258263469914,0,1,0,1,0,1,0.05846044180723431,2
0,0,1,-0.11042186728860384,-1.7549507512987192,1,2,1,0,0,0,2.032937419348724,4
1,0,3,0.7961788964593481,-1.8455475159050145,0,3,0,0,0,0,0.5091669795837755,3
0,1,0,1.8574924325762894,-0.8890349122473581,1,1,1,0,0,0,-0.4776781550024366,4
1,3,3,1.9490682487350397,-1.860844173860525,0,3,0,0,0,1,-2.3180209824972504,4
0,0,4,1.5520119827112155,-1.3891400782026668,1,4,0,1,0,0,-0.015074396869089401,2
0,1,2,-0.8654104813366128,1.2414198821680604,1,4,1,1,0,1,0.24103484740716763,3
1,0,3,-0.7461002644053014,0.14015461866207118,0,3,0,0,0,0,-1.8564869380436693,3
1,2,2,2.158661161325762,-1.9726421190290604,0,3,0,0,0,1,-0.6540595562701556,4
1,0,3,0.6480548951522211,-2.08017378983957,0,2,1,0,0,1,-0.4162320084445805,4
1,2,1,2.336070070971679,0.10311424238172685,0,0,1,1,0,0,-1.3968111732949016,4
1,0,3,1.9586875208016383,-1.478644969285019,0,3,0,0,0,1,-2.6840334334751725,4
1,3,4,-0.7866864508782856,-0.5004662380472076,0,1,1,0,0,0,-0.5855048868790235,4
1,3,2,-0.7271147382367075,-1.0184110208351846,0,1,1,1,0,0,-1.2157069060200554,4
1,0,1,2.056799594017538,-1.0532235026633785,0,1,1,0,0,0,0.7627254744751124,4
1,0,2,0.509506282455307,-0.8578575828621937,1,2,0,0,0,0,-0.4770802037070241,3
1,0,0,-0.006773009129082741,-1.357136898160864,1,3,0,0,0,0,-0.6331426453027668,4
0,1,2,-0.3782102797680902,0.5199511313743558,1,2,0,0,0,0,-0.0534657892245336,2
1,0,3,-0.779866828484232,-1.75722687096787,0,3,1,0,1,0,-1.1535667960405713,2
1,3,2,0.15595290535096903,-1.874118120689106,0,0,1,0,0,0,-0.4562968606315837,0
1,1,2,2.0053371253641963,-0.8668149188675498,1,4,0,0,0,0,1.7817939290518994,2
1,0,2,-0.730507389426683,-1.9914645045809283,0,3,1,0,0,0,-1.3466210089536677,4
1,3,2,0.051972905595971064,-1.0399654542862544,0,0,1,1,0,0,0.11870358410775683,4
0,1,2,1.4666050233688273,-0.8194021460936215,1,1,1,0,0,0,2.408030847514855,3
0,1,2,1.2963658994579392,-0.0795335918253427,0,4,0,1,0,0,-0.09726754941002147,4
1,0,2,-0.07444002545730055,-2.0210381790905916,0,2,1,0,0,0,-1.1023651358723656,4
0,2,1,-0.40836884889509006,-1.6236829790506582,0,4,1,0,1,1,-0.2878603340372672,4
1,3,4,1.5413845601744878,-1.2426691740279996,1,3,1,0,0,0,-1.0536118741046905,1
1,2,0,-0.2070875606874506,0.7216642963857237,1,4,0,0,1,1,-0.41013051061249406,4
1,2,3,-0.5168481097962883,-1.0333443793234207,0,1,0,0,1,1,-1.9160125366913676,4
0,0,2,-0.48780726362019505,-0.26599621188257383,1,0,0,0,0,0,0.028035615271748283,4
1,2,1,2.249728966162504,-0.8243907856281754,0,2,0,0,0,1,0.4556294316724082,4
1,3,4,-0.775838779482148,-1.610150244754535,0,3,0,0,0,0,-1.9270800175962228,3
1,0,1,-0.5030890951630489,-1.2179025628961655,0,4,1,0,0,0,-2.290333865585514,3
1,0,1,-1.530152288616992,-1.4898813595271128,0,3,0,0,0,0,0.3531244789309575,4
1,0,0,1.844551844938372,-1.1602819485572355,1,3,1,0,0,0,0.46270163349433047,4
0,1,4,2.516797775922542,-1.498042223645864,0,1,1,0,0,0,-0.6580678965702372,4
1,0,3,-0.6008300120599713,-1.842619784134245,0,2,1,0,0,0,-2.564400035645138,4
0,1,2,1.6095009675545304,1.4942898427566573,0,1,1,0,0,0,1.403530764957973,3
1,0,1,1.7827034020455241,-1.058544857641916,0,3,1,0,0,0,-1.9485534630634498,1
0,2,2,0.2186740796404693,0.5450443280105227,0,0,0,0,0,0,1.8542644582915875,3
1,1,4,1.1456424073657714,-1.0159311386025205,1,1,1,1,0,0,-0.9965779715993234,3
1,0,3,0.5700300299953004,-1.8301404146352582,0,0,1,0,0,0,-0.8097597316185186,3
0,0,0,-1.1036631721460042,0.05013135001868807,0,1,0,1,1,0,0.8200054967506921,4
0,0,2,1.7393509657936406,-1.1169792275727297,1,4,0,0,0,0,2.977618828051682,3
1,0,2,-0.390980954403379,-1.7943209100463313,0,3,1,0,0,0,-2.2679173200047678,4
0,0,1,1.1585500795944395,-0.34536936024686005,1,1,0,0,0,0,-1.1667614039958414,3
0,1,0,1.5359850891619855,-0.966995635969844,1,4,1,1,1,1,2.5366740001892385,2
0,1,0,0.16803862397831304,0.22369412688910623,1,4,0,0,0,0,0.024094171118353103,3
0,1,2,1.7633221710314095,0.6543523578343183,1,1,0,1,1,0,0.5573240274809554,2
1,0,2,2.1823350616077675,-0.08617704115841451,0,3,0,0,1,0,-1.5879142179086532,3
1,0,2,-1.2386297472387642,-1.5944068765636294,0,3,1,0,0,0,-1.4562300055270216,1
1,0,3,1.5847407739976738,-2.3401298702123974,0,2,0,1,0,1,-1.02900142463046,2
0,3,2,-1.288329286699698,-0.48373760535919264,1,4,0,0,0,0,0.915635807388532,4
1,0,1,-0.6356159888026818,-2.348998962044195,0,3,1,0,0,1,0.7525387574259953,2
1,0,1,0.20128876240702243,-1.6131066662390086,0,3,0,0,0,0,-0.5253063117159824,3
0,1,4,1.6379635827575976,-0.8386366830320069,1,4,0,0,1,0,0.7649645161058938,2
0,0,0,-0.7746347193537265,-0.7802881923585195,1,4,0,1,0,0,0.4300404330889318,2
0,2,2,0.8441626366014632,-0.8622347395337351,1,2,0,0,0,0,-0.42417093439139586,4
1,0,2,1.956179810504205,0.09692577609548164,0,3,0,0,0,0,-0.34621020517126455,4
0,2,2,2.345325631408371,-2.1003915795412333,0,4,1,0,0,0,-1.4962246540066289,4
1,0,1,2.187980994703491,-0.7386985742285088,0,2,1,0,0,0,0.49567169290389257,2
1,0,0,-0.42262133311885364,-0.8404116476059416,0,3,1,0,0,0,0.09855591740655875,1
1,3,3,1.7890041745016656,-1.4386243032141734,1,0,0,0,0,1,-0.5463453812689982,1
1,3,0,1.3260494353818755,-2.0250735892903298,1,2,1,0,0,0,-0.9215424910536654,4
1,3,0,-0.22021171085202423,0.9036722776472758,1,2,0,0,1,0,-1.5125165411131247,4
0,1,1,-1.3794685514962137,-1.1405946596266583,0,1,0,0,0,0,0.01782312579176648,3
1,0,1,1.0228838769023771,0.349908799873441,1,4,0,0,0,0,1.131391769755076,1
0,1,1,-0.14129380811964037,1.9966304677793292,1,4,1,1,0,1,-1.62714469340428,2
1,0,2,2.1463383144698978,-0.7923154155601887,0,3,1,0,0,0,-1.2434560817908726,4
1,2,3,-0.6021228387136492,-1.9483468685003529,0,3,0,0,0,0,-0.35921921179948346,4
1,3,4,0.9627238609865635,-0.6946159774065083,1,3,0,0,0,0,-0.2942304756163471,1
1,0,2,1.3717828638477894,-1.1579456012039018,0,0,1,0,0,0,-0.598156025609528,4
1,0,1,2.2047920686108236,-1.9267817325086716,0,0,1,0,0,0,-1.0120937033175668,1
0,1,0,0.5151960282923322,0.2894095600785141,0,4,0,1,0,0,-1.7945728995225003,3
1,0,3,0.8026569889929394,-1.55159386586075,0,2,1,0,0,0,1.0615064392240756,3
0,1,0,1.5538441781269723,-0.47012998093380387,1,0,0,1,0,0,2.360029667057187,4
1,0,2,0.832851876248697,-2.2766691211320293,1,3,1,0,0,0,0.20794673562497093,1
1,0,2,1.7608934459051846,-0.8409569593122612,0,3,1,0,0,1,-1.698295028504984,4
0,0,1,2.2163656818040085,-1.1654039255614779,1,1,0,0,0,0,2.079654488088616,3
1,0,1,2.013584408200698,-1.4591588160851878,0,0,1,0,0,1,0.9654154299965358,0
1,0,2,0.7671185748010728,-2.164253225078314,0,0,0,0,0,0,-1.9758035767552928,1
1,0,4,1.6882674170256236,-0.10971037822291863,1,0,1,0,0,1,-1.2334349850150113,4
1,2,1,2.116203155676594,-1.952434065186921,0,3,1,0,0,0,-0.13283325746596594,1
0,1,0,2.0413814302520707,-1.9761509962591166,0,4,0,0,0,0,1.7385432275200328,4
1,0,2,-0.53358456334171,-1.6651800257787337,0,0,1,0,0,0,1.0969383355696694,4
1,0,1,1.9626679086211922,-1.6197968243752734,1,3,0,0,0,1,-1.4562004781466056,4
1,0,0,-0.3266314499470994,-0.22555397217514545,1,2,0,1,1,0,0.009001679145430819,4
0,3,4,0.9645673030055293,-0.6656921887822366,1,4,1,1,0,0,0.8490312266072828,4
1,2,2,1.6507417795664994,-0.952074188373579,0,1,0,0,0,0,-1.2251418120852315,4
1,0,2,-0.3693692785842585,-0.6118923985265327,0,2,1,0,0,0,0.6534164528612632,1
1,0,4,1.4125559310926836,1.0195541465107958,0,3,1,0,0,0,0.9324021312918899,4
1,3,3,1.230272661462097,-1.5099245251951858,0,0,1,1,0,0,0.6267770573739294,1
0,2,0,-1.0142797199076954,-2.1674896043105907,0,0,1,1,0,0,-0.04995450817078728,1
0,3,0,1.391515873018173,1.518639457411706,1,4,1,0,0,1,-0.23818385823591792,4
0,1,1,-0.7432389685357031,-0.5085999481431802,0,1,0,0,1,0,3.0512731053395434,4
1,3,3,-0.6659360975878957,1.2804511500716251,1,2,1,0,1,0,-0.7528077113821424,4
1,0,4,-0.29631700812167727,-0.44610464157445395,0,0,0,0,0,0,-0.8242870242633082,0
0,3,1,2.1153719978943606,-1.6722808061341883,1,3,0,1,0,0,-1.2406892786214287,4
1,2,1,0.9109231719376752,-0.4797715819139132,0,3,0,0,0,0,-2.8550374366755116,1
0,0,2,1.8344353147386592,-0.7689758140780839,0,1,0,1,0,0,-1.1979287803018737,3
1,3,3,2.0594318925866295,-2.2747840239627695,0,3,1,0,1,0,-1.7607181129912595,1
0,3,4,0.5272178210077321,-1.4556703173258811,0,1,0,1,1,0,-2.06310665631165,4
1,0,1,-1.3653336921167012,-1.8873325475821572,0,2,1,0,0,0,-1.8070823556226099,4
1,1,2,1.8055082728408074,-0.4494371365262867,1,4,0,1,0,0,-0.5194705064117812,3
0,1,3,-1.0936959447468577,-0.5822209340448233,1,1,0,0,1,0,0.08393448281228477,4
1,0,2,1.164567444412214,1.9690777500721826,0,4,0,0,1,0,0.2962332245277822,2
1,0,1,-0.47177529780625793,-1.9001052012182242,0,2,1,0,0,1,-0.9623816907989267,4
1,0,1,-0.99122058635095,-2.1346105019195445,0,4,1,0,1,0,-1.6681075585007412,3
1,0,2,1.0487770794028255,-2.174449224799994,0,2,1,0,0,0,1.4067565763892782,4
1,3,4,2.1587820229943144,0.2584253208114819,0,3,0,0,0,0,1.5059996151709574,2
1,0,4,-1.4659500722359822,-2.4294097735072553,0,3,1,0,0,0,-0.6642396496088218,3
1,0,1,-0.5737517182203922,-1.508930138337239,0,0,1,0,0,0,-0.7897334696981445,4
1,3,2,0.25647916441851015,-1.3887101870243304,1,1,1,1,0,0,0.9230140330852292,3
0,0,1,2.2305046848060632,0.3315590434258061,1,1,0,0,1,0,0.7869774737584592,4
1,0,4,1.963776303000794,0.3643941941721674,1,2,1,0,0,1,-0.6927198984737573,4
0,0,3,0.9590446104782688,0.5313457768043571,0,2,0,0,0,0,1.7650623074038647,4
1,3,2,2.2244086464479618,-2.0227407806802624,0,2,1,0,0,0,-2.0419000582780873,1
0,3,0,-0.10362363988094425,-0.8443616446267348,1,1,0,1,0,0,-2.024942834385871,3
0,1,4,-0.14473762722402594,1.1694775935190367,1,2,0,1,0,1,-0.14503415508170514,3
0,0,2,-1.0767800790587914,-2.367196871613543,0,3,0,0,0,0,-0.08415044136409694,3
0,0,0,-1.060974964401126,-1.355277806439074,0,0,0,1,0,0,2.738915645495726,3
0,0,4,-0.052950049642025765,-1.440334612359301,1,4,1,0,0,0,0.44607288966929803,4
1,3,3,-1.3734105317620453,-2.165696756136537,0,1,1,0,0,0,-0.8697115519562788,2
0,0,2,-0.8190435066229402,-0.8319818087554355,1,0,1,0,0,0,2.4719154535420067,3
1,0,1,-0.27348798501576477,-0.9163500744933928,0,0,1,1,0,0,-1.1178967522615924,3
1,0,1,-0.4095301261069585,-2.1614889314599797,0,3,1,0,0,0,-0.44741265535144137,4
1,0,4,1.690051714328228,-1.490801346465647,1,1,0,0,0,0,-2.1306644757632323,2
0,1,4,-1.2095165443403548,2.2004388792913607,1,2,0,0,1,1,-0.9202451706945736,4
0,1,3,1.5835524858393861,-0.9202522357255829,0,1,0,0,0,0,-0.20678240143162085,4
0,1,4,1.4268867983905265,0.4099967024926079,1,4,0,1,0,0,-0.13079028536925286,2
0,1,4,-1.4307920607919933,-0.8718764107950802,1,1,0,1,0,0,0.3915552411980132,3
0,0,1,1.958948616391793,-0.7395676837046539,1,2,0,1,1,0,0.5568357728497885,3
1,2,3,1.342994174237287,-1.845664967657145,0,3,1,0,0,0,-1.5200012354054073,0
0,1,4,1.9920905385016425,-0.7523680603733371,1,4,0,0,0,0,-0.02597177728696387,3
1,0,1,1.1956568086132826,-1.6076627326461446,0,2,0,1,0,0,-2.207306026194619,3
1,0,1,1.3190896432150647,-1.4148798623904704,1,3,0,0,0,0,-0.3774659365943486,4
0,0,1,0.7865425027418497,-0.9928015028144157,0,0,0,0,0,1,-1.7505392695899678,4
0,3,2,1.7450500319961717,-0.92156622835369,0,1,0,0,0,1,-0.29900864935746174,1
1,0,3,0.7898707813202395,-2.2740956779798256,0,1,1,0,0,0,-0.765680544237922,3
1,0,1,-1.4111908103473743,-0.26784034508197396,0,3,0,0,0,0,-1.8954088663592192,2
1,0,1,1.6934207733418614,-1.9673806810157852,0,3,1,0,0,1,-1.4540860256313621,4
1,3,1,-1.0256195555876984,-1.5959423631603002,0,1,1,1,0,0,-1.472241511820426,3
1,0,0,1.4173817467970256,-1.1333611749327357,0,3,1,1,0,0,-0.6026242621904704,1
0,0,0,-0.9522381442104217,1.2887781199090198,1,2,1,1,1,0,-0.6767621944659524,3
0,1,1,0.20072420052753015,-1.810626472338263,0,1,0,0,0,0,-1.9785639493198617,4
1,0,1,-0.6296490818610541,-1.3413017864324412,0,3,1,0,1,0,-0.37104219540799205,4
1,0,2,1.2775357648510175,-0.8726476999278578,0,3,0,0,0,1,0.11722495880581232,3
0,1,4,0.3516227524912332,-0.22100795144441732,1,1,0,0,0,0,0.19716666088583934,3
0,1,1,1.729760059426762,0.8145477427001211,1,2,1,1,0,0,0.5959123892415167,3
1,3,1,0.6822069533456869,1.181986400305449,0,3,1,0,0,1,-1.6910326564302105,3
1,2,2,0.8218957683485034,-1.9531190968347076,0,2,0,1,0,0,-1.3436168838094698,2
0,1,4,0.22551270111496302,-0.0020301613246013206,1,4,0,0,0,0,0.8953303709080843,4
1,2,3,0.6308105270525323,-1.9545806495903475,0,0,0,0,0,0,-2.0314638182896445,0
0,0,2,1.2178180777641707,0.7401466163101476,0,3,0,0,0,1,-0.6161805963520025,1
1,0,2,2.3035835976106367,-0.8044716876486482,0,2,0,0,0,1,1.0534348717559998,4
1,0,3,1.0106913746834771,1.1688759532887254,0,3,0,0,0,0,-0.2927381011661857,4
0,1,0,-0.8425092591222774,-0.7123866829838332,1,2,1,0,0,0,2.428072901370741,4
0,0,0,-1.9577864522081743,-1.8268062970401715,0,2,1,0,0,0,-0.6356640145172932,3
1,3,2,-1.6755808014355154,-1.6803877735014718,1,3,1,0,0,0,0.3676257304232471,3
1,0,4,2.255327537448057,1.4596797062790658,1,0,0,0,0,0,0.7365589715087828,3
1,0,2,1.5030255533598917,-1.8915804895238453,0,0,1,0,0,0,-0.5007940140837145,4
1,0,2,0.2198580359667593,-1.5770194600374954,0,0,1,0,0,0,0.004031355352211857,4
1,0,0,1.5493703727201082,1.725721612763602,1,2,0,0,0,0,0.20202481042492404,4
1,3,2,2.1832396586231044,-0.5463403384279846,1,2,1,0,0,0,-1.4927919188921313,3
1,0,2,-0.639821623183859,-0.30015270750769524,1,0,1,1,0,0,-0.9126529433833647,4
1,0,1,1.6774789807949257,-1.0915683580204063,1,0,0,1,0,0,0.1746931136271771,3
0,0,0,0.7175296449114011,-1.2165954115510091,0,0,1,0,0,0,0.19916403056804485,3
1,0,2,-0.7778662709274992,1.527107907174224,0,3,1,0,0,0,-0.3116126904889339,4
1,3,2,1.9297952169004473,-1.6263609342025942,0,1,1,0,0,1,-1.4027052712972021,3
1,2,2,-0.40612378511543934,-1.5148327621061184,0,3,0,0,1,0,-1.5152715171769269,4
1,3,1,-0.4885554287829299,-0.9818359859277332,0,3,1,0,0,0,0.7927679171198014,4
1,0,1,1.452409445553029,-0.7761539735419098,0,3,1,1,0,0,0.5318672150416053,4
0,0,4,2.1618144086041298,-2.046658058903761,0,4,0,0,0,1,-0.5442944494568367,3
1,0,3,1.222156860539313,-1.293958622788451,0,3,0,0,0,0,-1.7417654205878856,1
1,3,2,0.7134918254650225,-1.2942346663409576,0,3,0,0,0,0,-1.7208025751633405,1
1,0,2,-0.6776096778948321,0.9800031494256733,0,2,1,1,0,0,-1.1116908530094858,4
1,0,2,-0.7332230003384594,1.1879993613887831,0,0,0,0,0,1,-2.1769194211904095,4
1,0,2,1.9867790424301917,-1.8219713380081033,0,3,0,0,0,0,0.3453622309286446,1
1,3,2,-0.2391830301561757,-2.1553908309654797,0,3,1,1,0,0,-2.40511995252908,1
0,1,2,1.6583074847867119,0.6716682438209972,1,2,0,0,0,0,2.6436552795332156,4
0,1,4,2.1582574845474674,-1.1659049932624785,1,1,0,1,0,0,-1.5001791682762073,2
1,0,1,2.1606231287544317,-2.2162534174772635,0,3,1,0,0,1,-0.5672626050368128,1
1,0,0,0.41299529043062577,-0.9375019543201708,0,2,0,0,0,0,-1.5303810737919528,4
1,3,0,-0.7834792736601086,0.6847080872989145,1,0,0,0,0,0,0.018608485712474865,1
1,2,2,-1.5153942083757252,0.8225333687723662,0,2,0,0,0,0,-1.8826882144341148,4
1,1,2,-1.5346802382326512,1.882511010373895,1,4,0,0,0,0,1.8971100974826118,4
1,2,2,1.4118284912210144,-0.7591123181261771,1,4,0,0,0,0,-1.1910015632479147,1
1,0,2,-0.8266095550268957,-1.6124270203858522,0,3,1,0,0,0,0.1686374524216716,4
1,1,2,1.1949365579151792,-0.03338839302746288,1,1,1,0,0,0,1.4375092455394867,3
0,3,1,-0.9158259145545781,-1.7477215648832036,0,2,1,0,0,0,-0.19184588955399606,4
1,3,0,-0.6032790220458736,-0.9589203619325003,0,2,0,0,0,0,-1.4874979170653335,4
0,1,2,0.471015845458604,0.40401456740826347,1,4,0,0,0,0,-0.23534778100077813,4
1,2,1,1.3221839065726324,-1.9663524775819385,0,3,0,0,0,0,-0.4433759761420373,1
0,3,4,0.6977234222144494,0.6861939831289783,1,1,1,0,0,0,0.29553123960451944,3
1,0,2,0.9574568628055611,-1.2741083747304414,0,3,1,0,0,1,-1.9173218220588306,3
1,3,3,-0.631353621336968,-1.5616415490841489,0,3,1,0,0,0,-2.6469217763179422,3
0,2,3,0.26308086973389416,-1.0954845729896243,0,3,0,0,0,0,0.6532509162539913,4
1,3,3,0.3441745263052078,-1.6453475519663623,0,3,1,0,0,0,-0.2891937740030411,4
1,0,1,1.9743751171965438,0.46868294399822086,0,3,0,0,0,1,-2.3359568512060536,4
0,1,0,-0.7325143780064667,-2.0116970016448517,0,2,0,1,0,0,-0.06785365817889044,4
1,0,2,1.6330753149899695,-2.208331189770665,1,3,1,0,0,0,0.41266123206919825,1
1,0,2,1.5156781627403613,-2.012929036690861,0,0,0,0,0,0,-1.4197337368830523,1
1,0,3,1.1960069974141683,-2.057630717830592,0,3,1,0,0,0,-0.501707142316707,1
0,3,4,-0.5452489084050931,-1.008604869786361,0,2,1,0,0,1,-1.622529777607713,4
1,2,1,1.0839861418967822,-0.2794399148149833,0,3,1,0,0,0,-2.214339205757736,4
0,1,0,-0.5230763327636593,0.05241819006315529,1,4,0,1,0,0,2.2141646892601576,4
1,0,1,1.520921982125404,-1.5591584043028144,0,0,1,0,0,0,-0.5016114483585095,4
0,0,4,0.9043861874149617,-1.9251692394060849,1,4,0,1,0,0,0.7389003784519873,3
1,0,2,-0.669755424871562,-1.0699193624443852,0,3,0,0,0,0,-0.27280050990263965,4
1,0,2,0.9181645704336675,-1.890806626788983,0,1,0,0,0,1,-1.0256911076359407,4
0,1,1,1.7778193167836562,-1.166425051508791,0,4,0,0,0,0,1.7498228300450667,2
1,0,3,2.2164582508086177,-0.508361246517541,0,3,0,0,0,0,-0.5549001263412837,4
1,0,3,2.2168234103568834,-2.2550884254000687,0,3,1,0,0,0,-0.15698576036427392,3
1,2,2,-0.08795898034105709,-2.042718142985737,0,3,0,0,0,0,-1.669036779327873,4
1,2,2,0.4893121430732621,-1.3820809514155137,0,3,1,0,0,0,-1.6874020167277048,4
1,2,4,-1.6298033240462153,-1.9364500624538787,1,3,0,0,0,0,-0.7169471007326104,2
1,0,2,2.133033639147621,-2.2693951221432433,0,3,0,0,0,0,1.3413478191992465,4
1,0,4,1.3223462116858535,-2.044908366135399,0,2,1,1,0,0,-2.638723883992541,3
1,2,2,1.7409469757179452,-0.7077272502724206,0,3,1,0,0,1,-2.124278076205228,1
1,2,4,2.134607843459002,-2.2457090878456034,0,3,0,0,0,0,-1.162670441662077,1
1,0,3,1.8078576525617058,-1.248897949090934,1,4,0,1,0,0,-0.5103806347806756,4
1,0,0,0.79308832931845,1.473377321695291,0,0,0,0,1,0,-1.5962456579180788,3
0,1,0,1.8744056044192705,-0.2027665639372675,1,1,0,0,0,0,2.3478518715638987,4
0,0,0,-0.9109930007319751,-0.803375126052186,1,4,1,0,1,0,-0.22629107044642893,2
0,1,0,1.6137577313420957,-1.4855914532689298,0,1,0,0,0,0,-0.16114536980207794,4
1,3,4,0.5865262313377437,-0.03663929201300749,1,4,0,1,0,0,0.25988264407650963,1
0,1,0,1.7774205980394702,-0.27750095969942046,1,4,1,0,0,0,0.37473829747411425,3
1,2,4,1.013333080705058,-1.561195995413626,1,4,1,1,0,0,-1.5893902377877964,4
0,1,2,0.6619253244854676,1.7340206885954075,1,4,1,1,0,0,-0.4159908418903289,4
1,1,2,-0.5770259304420212,1.5535190708077131,1,3,0,0,0,0,-1.1638504965094902,4
0,0,1,0.8598439799412723,-1.1210234587373913,1,0,0,0,1,0,-0.6114779482984151,1
1,2,4,-1.4836990514794048,-1.2027485767118717,0,1,1,1,0,0,1.142788250976533,4
0,0,2,-0.7175775547476058,-1.8666744691694652,0,0,1,0,0,0,-0.6514389545103155,2
1,0,1,-0.8408712584492148,-1.8908037612700452,0,1,0,0,0,0,1.2157256945284225,1
0,0,1,1.3268844645945221,-0.22889447825201542,0,3,1,0,0,0,-0.05474507688651664,3
1,0,0,1.4367768537275578,-1.965466721511199,1,4,1,0,0,0,0.13001208499336878,3
1,0,0,-0.5807494927883781,-1.4186075227611403,0,0,0,1,0,0,1.0541288940992435,2
0,1,1,-0.12103796563134167,1.40826125506792,0,4,0,0,0,1,0.195909557399237,4
0,0,4,2.0797895679239553,-0.6910411216963113,1,4,0,1,0,0,1.5670865209752232,2
0,3,1,1.783195286973629,-0.598242844486225,1,1,0,0,0,0,0.4794433625410188,3
0,1,0,2.0586649509595207,-0.9663751747908504,1,4,0,1,0,0,1.3388481380846926,4
1,0,2,1.4479291243442431,-1.890611702452555,0,3,0,0,0,0,0.23429700918890806,0
1,2,1,2.1703499904965433,-1.1900404663005573,0,3,1,0,0,1,-1.9428334461817562,1
0,1,2,1.3906732024592101,-0.7831375193882287,1,3,0,0,0,0,1.398491029300784,4
0,0,4,2.1368491752461565,-0.5826143732474328,1,4,0,1,0,0,0.3584874804538579,4
0,3,2,-1.3958623315998464,-0.5359354840405341,0,1,0,0,0,0,-0.9896413828088159,2
1,0,0,0.4679585268872095,1.4155198426432172,0,0,0,1,0,1,1.454730776117325,1
1,0,3,2.3219695823078803,-2.3571665196010696,0,3,0,0,0,1,-1.8623218331753197,4
1,3,0,-0.5075266284150248,0.07861055774512793,0,3,0,1,0,1,-1.7927603007701427,4
1,0,0,1.6257206346800839,1.58020288712098,0,1,0,0,1,0,0.6280909689306705,4
1,0,1,0.14415396255436896,-1.101179135916583,1,1,1,1,1,1,-0.2121134701399704,3
1,0,2,-0.889914654111594,1.2293207192292188,0,0,0,0,0,0,2.0168619541165747,3
1,3,2,1.902308647525334,-1.5397860289986498,0,2,0,0,0,0,0.5006127281989966,1
1,0,2,-0.7202474880679814,-1.1834736290515968,1,1,0,0,0,0,0.2506672979618755,4
0,2,1,-1.035093757848042,0.9927397096912887,1,2,0,0,0,0,-0.013794993466363703,4
1,0,2,-0.6056724450701594,-1.0414902183576051,0,3,0,0,0,0,0.8183117386739773,4
0,0,0,0.7190408883095035,-0.7618792830261379,0,1,0,0,1,0,-0.8990644315622968,4
1,3,2,2.0582696449217597,0.11158788590019053,0,3,0,1,0,0,-0.2303255971484674,1
1,0,1,2.291268344621016,-1.9443656614901634,0,3,0,0,0,1,-0.6444370453701075,3
1,0,3,1.8263106368758606,-2.1354550359467677,0,3,0,0,0,0,0.25808415325814404,1
1,2,0,0.9577470003465445,-1.7179013176475806,0,0,1,0,0,0,0.2469409791012983,4
1,2,2,0.7802899341120968,-1.2340052775191843,0,0,0,1,0,0,-1.4497456300777463,1
1,3,4,-0.6151473159022064,0.9971266538803496,1,0,0,1,0,0,-0.5969656007367133,0
0,0,0,2.24584559780393,-0.8083504264635634,0,1,1,1,0,1,-1.6217516672985615,2
1,0,2,-0.894099023884225,1.6106055653572746,0,2,1,0,0,0,-1.5767205717693877,0
1,2,1,-1.2976342249108985,-1.8508836645566233,0,3,0,0,0,1,-0.7980851502214485,4
1,2,1,0.175320023973651,-1.5873325317437355,0,1,0,0,0,0,-1.0235508710729588,3
0,3,1,0.6409507964397311,-0.7091806161085147,0,1,0,0,0,0,-1.7021970540454032,4
1,0,1,1.647030038223945,1.0869828548122222,0,0,1,0,0,1,1.3619081055804443,4
1,0,1,1.0054580087557266,-0.671662825470486,1,2,1,1,0,0,-2.566377426156664,4
1,2,2,-0.7282301338169147,-1.9675944556334193,1,1,1,0,0,1,1.2701060880590958,3
1,0,2,-1.1965675299127034,-1.2655021295280895,0,3,1,0,0,0,-1.261007258112868,4
0,1,1,-0.03656040673063099,2.1361041707505986,0,4,0,1,0,0,-1.2752084033443072,4
0,0,2,2.566041631487021,-0.20570279338537567,1,1,0,0,0,0,-0.2829402493403741,4
1,0,2,1.8064636550958948,-2.1561277871973945,0,2,0,1,0,0,-0.7397173397825478,2
0,1,2,-0.17737872467444127,0.787842874289854,1,4,1,1,0,0,-0.8110484275973423,3
1,0,2,-0.4570174716512934,-1.5438013633036602,0,3,0,0,0,0,-1.3212438044740396,4
1,2,1,-0.788891655049721,-1.6964624025864665,0,3,0,0,0,1,-1.8357834475431831,4
1,0,1,2.0487333070766347,-1.2043825094200062,0,3,1,0,0,0,1.717596543042369,2
1,3,1,-0.7195667547270402,-1.338643270489555,0,3,1,0,0,0,-1.6430081843166942,3
0,3,1,1.2486695576673787,1.2892030592504415,1,4,0,0,0,0,1.8097919207956676,4
1,3,1,1.4791013029261253,1.2516006104347321,0,1,0,0,1,0,-0.9074484270041618,4
1,0,2,1.803077642716791,-1.6834041982620191,0,3,1,0,0,1,-0.42032066691560327,1
1,2,1,2.2115249343238017,-1.8281737710114037,0,3,0,0,0,0,-2.5580896172539447,4
0,0,4,-0.43665821888667977,-0.4300694737924239,1,1,1,1,0,0,0.1550698871160172,4
0,1,0,1.4507881690842626,1.047521829603089,1,4,0,0,0,0,1.806107935767268,2
0,0,0,1.9435703114610234,-0.7552749805680019,1,4,0,0,0,0,0.302878804816505,3
1,1,2,-0.9192873012830015,-0.5415608774832504,0,2,0,0,0,0,-1.1082388561017624,4
1,0,0,0.08868588959794377,2.094595220147747,1,4,1,0,0,0,0.6329447622107758,2
1,1,1,-2.0059184506422856,0.5702242342892158,0,0,0,0,0,0,-0.5599715650800707,3
0,1,1,-0.6634933276045576,0.41705539741120756,1,1,0,0,0,0,0.42000946927860383,2
0,3,0,-1.1461777263501398,-1.05143182831636,0,0,1,0,0,1,0.6492437032830465,3
1,2,4,0.5272335629444994,2.304419732432128,1,4,0,1,0,0,0.1519991198721824,4
0,0,2,1.3250577000695647,-0.7266290661544789,1,1,0,1,0,1,0.2572206488742095,4
1,3,4,1.5124407311607002,-2.213633504584211,0,0,1,0,0,0,-0.2593897926785038,4
0,1,2,0.7322776719754469,1.5431976574889925,1,4,1,0,0,0,0.18250539839821597,2
1,2,3,0.33278032011369063,-0.6734016085522888,0,3,1,0,0,0,-1.1147324186900687,4
1,1,1,-1.1566464926926243,-0.8056487254456441,0,3,1,0,0,0,-0.39823348568774397,4
1,0,0,1.4911177862776008,-1.5823763796636396,1,4,1,1,0,0,-0.579989284579954,2
1,0,4,-0.503734489713959,0.7107564700188389,0,1,0,0,0,0,-1.5282824396790922,4
1,0,3,-1.0110999429279008,-1.404299636689155,0,3,0,0,0,1,-0.6676346367073155,4
0,0,4,1.5734410223307578,-2.038489879909044,0,1,0,1,0,0,-0.536629531284075,4
1,0,1,-0.9856277293589397,-1.6494326426691326,0,3,1,0,0,0,-0.11863349148869494,4
0,0,0,2.415961717266591,0.2201251691499888,0,1,0,1,0,1,-0.32418525964226,3
0,1,1,-0.22973988791609415,0.7659067976108307,1,2,0,0,0,0,0.39287930479078725,3
1,0,2,1.0315396667543333,-2.32085604459267,1,3,1,0,0,0,0.3104852356380633,3
0,1,2,1.9118631425648889,2.340681657587342,0,4,1,0,0,0,0.34717648935268575,4
1,1,2,2.046420705030335,0.22659547818262304,1,1,0,0,0,0,-2.4247712039121816,3
0,1,1,1.2189660758859473,-1.9268501597199363,0,1,0,0,0,0,0.2033615038486225,3
1,0,1,1.1906639567141357,-1.8883883014269973,1,0,0,0,0,0,0.580369178429636,2
0,1,4,0.547498633965051,-0.5183614290158648,1,1,1,0,1,0,2.839884824819085,3
0,0,2,0.634157861647919,-1.0905200441675074,0,1,0,0,1,0,0.0625090103549677,4
0,1,0,1.5582524270130669,-0.7127649898491363,0,1,0,0,0,0,0.02421582946404799,4
0,1,1,-0.4693125360423456,0.930438940052273,1,2,0,0,0,0,-0.37069777811714966,1
0,0,0,-1.0529465994089044,1.882002824429701,1,4,0,0,0,0,-0.15223843458148767,2
1,3,0,-0.0864997003468938,-2.1104238649158815,0,3,1,0,0,0,-1.800455891722947,1
1,0,1,-1.3399731128948928,-2.095503556622327,0,1,0,0,0,0,-2.3857084786854936,4
1,3,3,-0.471627638970074,-0.7354374006610432,0,0,0,0,0,0,-0.7157331782401367,1
1,0,0,2.23036329884548,-0.8840805681009845,1,4,0,1,0,0,-0.8882360028039067,4
0,0,2,-1.9025161180869254,-0.7023883695445458,0,0,1,1,0,0,0.35182001460977663,3
1,0,3,1.015319877589059,-1.0350633513016712,0,3,1,0,0,0,1.3120948188282677,3
1,3,2,0.3067082261830795,-0.6875712199327563,1,4,0,1,0,0,0.823916376827369,4
1,2,0,1.3241096386868867,-0.6574941117224568,1,2,0,1,0,0,1.1552001500509077,1
0,3,1,-1.6380397680505345,1.8265266867347139,1,4,0,0,0,0,-0.8217216516210231,4
0,1,1,-0.6120231147157138,0.19162933025080647,0,4,1,0,0,0,1.1765958539589176,3
1,0,4,1.5106666850318697,-0.2371499519919743,0,3,1,0,0,0,-0.44625524208989875,2
1,0,3,-1.039189396265654,-1.7403456245295694,0,3,1,0,0,0,-1.130281467013778,1
0,3,0,-0.5813997791437507,-0.7056302036201014,1,3,0,0,0,1,-0.18116989110947035,3
1,0,4,1.2044655140123175,-0.8222562374801191,1,2,1,0,0,0,1.2364511281764587,3
1,3,1,-0.4664065396818412,0.7467015469877888,0,0,0,0,0,0,0.593390377118504,3
1,0,1,1.0699079283916182,-1.7098186554047827,0,3,0,0,0,0,-2.54188350902393,4
1,1,2,-0.5300746229862303,-2.2647290906312145,0,3,0,0,0,0,1.3402468990242538,4
1,0,1,-0.5216031640005806,-2.255981179178599,0,3,0,0,0,0,-1.0049764716090572,4
0,3,2,0.4603606748759978,-2.069171992382816,1,1,0,0,0,0,-0.5172423891096275,2
1,2,1,0.6609053662451947,-1.2699172727735895,0,1,1,0,0,0,-0.07481467073818321,-1
0,1,0,1.2393205545338224,0.97187266032783,1,2,1,0,0,0,2.7100489881422476,4
0,0,2,-1.4345673068732956,-0.4904837964742075,0,1,1,0,0,0,-0.29072068764229786,4
1,0,4,1.6486717027843378,-1.903314789574647,0,3,0,0,0,0,-0.723826827852124,3
1,0,1,0.3866243165429195,-1.6800339682234497,1,3,0,0,0,0,-0.2663916728672284,3
0,0,3,1.1682541303945588,-1.0860503179648886,1,0,0,1,0,0,0.7192489819234912,1
0,1,4,1.7736874562560794,-0.023390126836012867,1,2,0,0,1,0,-0.35014741426097734,4
1,2,2,-0.4970333000216314,-1.2557549891810085,0,2,0,0,1,1,1.6938703768862406,4
0,1,4,1.6362562693201135,-1.0855583118156793,0,1,0,1,0,1,-0.33236157441125236,4
0,1,0,1.3260831511361793,2.1725325973879595,1,0,0,0,1,0,1.5144808093464805,4
0,1,0,1.4248261557679311,0.28045944129075595,1,2,0,0,1,0,0.2503471626434134,4
1,2,0,1.3440833817587061,-1.0592124717679656,0,0,1,0,0,0,-2.196006509644975,2
1,1,1,-0.5392844210562964,-1.1071314574506568,1,4,0,0,0,0,-2.45600477219942,3
1,0,4,1.083541627698407,-0.7647985779530808,0,4,0,0,0,1,1.3565930211611652,3
1,0,1,0.7639230839942288,-2.125962641959484,0,3,0,0,0,0,-1.0312988625410933,3
1,0,0,1.9467135973565046,-0.8766834553708415,0,3,1,1,0,0,-0.41288968472542853,2
1,1,2,0.8073176886285325,0.34050604307078525,0,4,0,1,0,0,0.24318738938048248,4
1,3,3,-1.536445663988264,-0.6326616627036996,0,3,0,1,0,0,-0.8112155069144549,4
0,1,0,-0.6109976505236189,1.7554993677410395,1,0,0,1,0,0,-1.8702795608664697,2
1,2,1,1.112850995130331,0.4972676030526669,0,3,0,0,0,1,0.29955949087919187,4
1,0,3,1.29160998701325,-1.8008514622301863,0,2,0,0,0,0,-2.4735288827072943,2
1,0,0,1.6104892448401413,-1.5044621728751726,0,0,1,0,0,0,-2.173736617670039,1
1,0,2,2.046756862838459,-1.211990367258304,0,0,0,0,0,0,-1.0119375036410458,4
1,0,4,0.5426031176995599,-1.9555275827641956,1,0,0,1,0,0,-0.8535082962298155,3
1,0,1,1.0800452605390867,-0.0771276016372715,0,0,0,0,0,0,-0.6499676280120761,4
1,0,3,1.733455427697681,-1.989029158726938,1,0,0,0,0,0,0.570044263749991,1
1,0,2,-0.4034012337926478,-1.572983031370183,0,3,1,1,0,0,-0.3297967755100553,4
1,0,1,0.6494103082050837,-0.6610249143945237,1,3,1,0,1,0,2.4703461030629095,3
1,0,1,0.4699830372840751,-2.256007970054452,0,0,1,0,0,0,-2.5171325374264186,0
1,3,3,-0.6143633041514807,-0.6697088177494177,0,1,1,0,0,0,-1.3143202101879916,4
1,3,1,-0.35601370663171905,-1.238913093339296,0,3,1,1,0,0,-2.5976675102754023,2
1,0,1,1.5291403063714846,-2.2153807806498538,0,3,1,0,0,0,0.19762293792371946,4
1,2,2,-0.34890073638527863,1.5277957582283743,0,2,1,0,0,0,1.4162613053740905,4
1,0,3,-1.267213957717182,-1.2916249640168918,0,2,0,0,0,0,-2.438723978382935,4
1,0,1,-1.3972750594252412,-1.7570570458153922,1,4,1,1,0,0,1.0979562195403896,4
0,3,2,-0.6141613954970868,-0.7756129773761595,0,3,0,0,0,0,-0.3854372975497109,1
1,0,1,1.962812887723285,-1.5604282262220472,1,1,1,1,0,0,0.7618085997754253,4
0,1,0,-0.9015307372520472,-0.5110370245132311,0,4,0,0,0,0,0.16552985048187052,3
1,2,1,-1.099038136368003,-1.3092488419574322,0,3,0,0,0,0,-1.3009980095083156,4
1,3,2,0.9069207412189757,-0.6426008014507028,1,4,1,1,1,0,2.232277364432555,2
0,0,0,-0.9445067345875845,0.0836534409983678,0,2,1,0,0,0,0.8235508743806179,0
0,3,1,-0.25448354593521383,1.0574950641961112,1,4,1,0,1,0,0.41890766720088146,1
1,0,2,1.5849037785515219,-1.1884413513737346,0,3,1,0,0,0,-0.5267662468046069,4
1,0,1,-0.7247992515709767,0.39520838108520157,1,3,0,1,0,0,-1.3280560159648018,0
1,0,3,1.3446516335253809,-2.3850731525753517,0,2,1,0,0,0,-0.5138539166584128,1
1,0,1,-0.2875327375804894,-0.4449727270696492,1,0,0,1,0,0,-1.8343902935872327,4
1,0,3,1.0874643578934846,-0.7799874804749564,0,3,0,0,0,1,-0.514448657313789,4
1,0,4,1.1513538391873057,-1.926039045238881,0,3,0,1,0,0,-0.6893928948883971,4
0,2,3,1.5928209710742078,-1.0443882274074805,0,3,1,0,0,0,-1.756542998351514,3
1,0,1,0.20378395833182317,-2.0491760559907317,0,0,0,1,0,0,1.5338013063146354,1
1,2,3,-0.46895857338354574,-1.9768594724191946,0,3,0,0,0,0,-1.2568656801639064,1
1,0,3,0.6138892779044851,-0.4759371794696179,1,1,0,0,0,0,0.1446356943151578,1
1,0,0,-0.5307651602117642,-1.4410614184397972,0,0,1,0,1,0,0.1891739868182494,4
1,0,1,1.072748777255773,-1.6675661643731883,0,1,1,0,0,1,1.2418194007104124,3
0,2,1,-0.27730336910323755,-0.5330078903670626,1,0,0,1,0,1,-2.6279124386061254,1
0,2,1,1.0010958128954266,1.1549950293393458,0,2,1,0,0,0,0.415465406828622,2
1,0,3,-0.34956435183842877,-1.8962658891819486,0,3,1,0,0,0,0.6103935724144729,3
1,3,1,2.1154765872233683,1.3102365269318554,0,1,1,1,0,1,-1.3028584144606066,4
1,3,4,-1.6995607326008493,-1.408985843809486,0,2,0,0,0,1,-1.189386119729642,4
1,0,2,1.1477919858114243,-2.003798802868142,0,3,1,0,0,0,-1.026940231109582,4
0,1,4,1.1566418403594125,0.10020071308004208,0,2,1,0,0,0,0.6567891818294506,4
0,2,0,-1.2817281519464427,2.103409179315685,0,2,0,0,0,0,0.6072210482456861,2
1,1,0,1.3306511048875842,-1.7905611420538268,1,4,0,0,1,1,2.0376299625444276,2
0,0,1,-1.7343611798743794,-1.6371036601208844,1,0,1,1,0,0,0.36395033755936257,3
0,0,1,1.714770831955752,-0.6271582782239548,1,4,0,1,1,0,-0.2637909690407048,4
1,0,1,-0.8173293600243683,1.1307758973659312,0,3,1,0,0,0,-2.6186396059055896,3
0,1,0,-0.27024999063340305,1.9058265901785374,1,1,0,1,0,0,-0.2206786600708741,4
1,3,2,1.7389946831381247,0.8949690519593734,1,1,1,0,0,0,0.9512846941063111,2
1,0,1,1.1839063372816458,-1.429286828502242,0,3,0,0,0,1,-0.999771655246746,3
1,0,1,-0.13602568352216216,-2.2040302184664626,0,3,1,0,0,0,-0.9736215256351203,4
0,1,0,-0.6024511392567129,-1.3876816771871034,1,2,0,0,0,0,1.2783053864167635,4
1,3,1,-1.6237819989266402,-0.6254549926119797,0,3,1,0,0,0,0.3993545797715057,3
0,3,3,1.5753985612189276,-1.3873270061298524,0,1,1,0,0,0,-0.9141147672745357,4
1,0,2,2.0626732787472606,-2.024008375780562,0,2,1,0,0,0,-1.5875206504568706,3
1,3,2,0.45317083588490714,-1.5788848783417597,0,0,1,0,0,0,0.9213302350938926,4
1,0,2,-0.8384676476656409,-2.207560813992582,0,0,0,0,1,0,1.0026682093750672,4
1,0,2,-0.4211295267915772,-1.6481965682771504,0,2,0,0,0,0,0.626203549432439,4
1,0,2,-0.6456504223136355,0.6810323791524244,0,2,1,0,0,0,-0.8937314485270644,2
0,1,0,2.0574807591411646,-1.6271654545376601,1,4,0,0,1,0,0.42507875134671713,2
0,0,4,2.283088242635664,-1.016774395229735,1,3,1,0,0,0,-0.12243158283054201,4
0,1,2,0.0984268826704141,-1.0041741905948118,0,4,0,1,0,0,-0.18405629066032947,4
1,2,2,1.4284278836982105,-2.2061630793031766,0,0,0,0,1,0,-1.3522300359377988,3
1,2,2,-1.764213129283551,0.9147028020604934,0,2,1,0,0,0,1.4330296073977473,1
1,0,1,1.0409913607905634,-1.3807418563978313,0,2,1,0,0,0,-1.3451001453052003,4
0,0,4,2.1774088097643394,1.731346487079246,1,4,0,1,0,1,0.731847086787902,3
1,0,2,0.9587663584596547,-2.2107688142300757,0,2,0,0,0,0,-1.3791385070263917,1
0,0,0,0.8661755564891023,2.1304207250480656,0,1,0,0,0,0,-1.3115273319560272,3
1,0,2,2.1974602316328333,-2.0568993545392544,0,3,0,0,0,1,-2.6275483483570095,4
0,0,4,1.8633778293635526,-0.5575200425426775,1,1,1,1,1,0,2.8003976412611813,3
0,1,1,1.5420037656522072,-0.8830573821691363,0,1,0,0,0,0,-1.4672312956500082,4
0,1,4,-1.1041147604948294,-0.24307509982987702,1,2,0,1,0,0,-0.1502568900344785,4
1,2,4,2.0057001484055763,0.5278613727557194,0,3,0,0,0,0,-0.8496431010768415,1
1,3,2,2.021283439867177,-0.3015229717616423,1,4,0,0,0,0,0.13652862804878893,3
0,0,2,-0.07512469067147443,-1.0876265605266946,1,4,0,0,0,1,-0.6039339418896218,4
1,2,2,-0.7413359413570513,0.17118340205652444,0,3,1,0,0,0,-0.14794105732636886,4
1,0,1,2.376072590342586,-0.9865352298399823,0,2,0,0,0,0,-0.9764314048514997,4
0,1,4,1.4912518653549118,-0.23652047603646448,1,4,0,1,0,1,2.4253670445233566,3
0,1,4,0.8247318664787536,2.0590571831292865,0,4,0,0,0,0,2.6993746850798237,4
0,0,2,0.07148477243668494,1.6614409915997834,1,3,0,0,1,0,-2.2716190516687744,3
1,0,1,0.6135628280713774,-0.8989212287777947,0,4,0,0,0,0,0.34048568486410447,4
1,0,2,-0.4977836921667059,-0.8329381553170305,0,0,1,0,0,0,-1.1683038002536514,3
1,2,3,1.6657303607836709,-1.0682720688226488,0,2,1,0,0,0,0.3421805503942683,3
0,0,1,-1.8142996878235504,1.9337924151063506,1,1,0,1,0,0,2.174643604339139,4
0,1,1,1.7756754044049772,-0.2935121261344703,0,1,0,0,0,0,0.21947295362581587,2
0,2,2,1.1764363066155004,-0.8037361814383644,1,4,1,0,0,1,1.3684991539344544,3
1,0,2,1.9609602291891082,-0.8950754952171525,0,2,1,0,0,0,2.2853043799069104,4
1,0,3,0.6961849619118311,-2.243850850600846,0,0,0,0,0,0,-1.8069902412706254,4
1,0,0,0.9359561746254691,-1.5210210056120272,0,0,1,0,0,1,0.3403441440378814,3
1,0,3,2.0793836316157033,-1.1691925731514712,0,3,0,0,0,0,0.4942498395184093,4
0,0,2,-1.647067778290801,1.661094381062934,1,2,0,1,0,0,-1.1061754683471232,1
1,0,2,1.1342161382731355,0.5351846781414082,0,0,0,0,0,0,-0.8766090766845356,4
0,1,0,-0.44215788971795045,-1.435118737823355,1,4,0,0,0,0,0.23411983039817796,3
0,0,0,1.1850954054861305,-1.1169077449587421,1,4,0,0,0,0,0.5353934946361852,4
1,0,0,1.596094404838122,-1.1092286548078099,0,3,0,0,0,0,-1.149648561235099,1
1,0,1,2.3487497194292426,-2.3758813273576296,0,2,1,0,0,0,-0.8051235832131296,4
1,3,1,2.0850984688328316,-1.8481744372359514,0,2,0,0,0,0,-0.3915561094912189,1
1,2,4,1.699082964267704,-1.325553897173347,0,2,1,0,0,0,-2.020616594289745,4
0,0,4,1.7163864724906261,-0.5963384827438644,1,1,0,0,0,0,-0.1125560219180084,2
0,0,2,-1.6104875779536925,-1.6229649490179079,0,3,1,0,0,0,1.1447818290866727,4
1,0,2,1.5822464744275266,-0.780557205895439,0,2,0,0,0,0,-1.344585139487336,1
1,3,2,1.4659729328484663,-1.7816561449244936,0,3,0,0,0,0,0.1818677078509895,4
0,0,0,1.8607300069741006,-1.2004461322452493,1,4,0,1,0,0,-0.022593272831006983,4
0,1,0,0.4518486415669985,0.18105118402257847,1,4,0,0,0,0,-0.3634327841062359,1
1,0,1,1.9367306539877016,-1.299713071158819,0,2,1,0,0,0,-1.3008298306702044,2
1,3,2,0.7528809309131756,-2.1605932323837687,0,3,0,0,0,0,-0.24842095602921171,4
1,3,1,1.8999177260957796,-2.295696443074446,0,2,1,0,0,0,-2.2026179771425145,4
0,1,1,1.3770081432282737,0.6165166772330793,1,4,0,0,0,0,2.304330743534279,4
1,0,3,0.5198338598678655,-2.13511476420397,0,2,0,0,1,0,-0.3345527518157132,4
0,1,2,-0.3003514400921756,-0.4151463981379971,1,4,0,0,0,0,-1.663339212532715,4
0,0,2,-1.103214433186105,0.8629164022660196,1,4,0,1,0,0,0.4156431184235182,4
1,1,4,2.0725385077266534,-1.7156142882918712,1,4,0,1,0,0,2.327674454160216,4
0,0,0,0.6794741399928346,-1.9971635729322414,0,0,0,1,0,0,1.4027020448034364,2
0,0,2,-1.0816372365648257,-1.9177280736378117,1,2,1,0,0,0,2.30345273483045,4
0,1,4,2.2263713118816826,1.0590021403238257,0,0,1,1,0,1,-0.9671582462975238,3
1,2,1,1.0099426267549152,-1.0226232301009603,0,2,1,0,0,0,-1.7112863174092872,3
1,0,2,0.8371085441877233,-2.317422738613142,0,3,1,0,0,0,-1.3366550792771883,3
0,0,1,2.085198031608676,-1.8154073662780807,1,0,1,0,0,0,0.2736072538498371,1
1,0,1,2.3744622745814286,-2.189368428315163,0,1,0,1,0,0,0.6520048777166209,2
1,0,1,0.21648652690597386,-0.6402912622353846,0,0,0,0,0,0,0.26797607319318284,4
1,0,4,1.1690346366322937,0.3249631247648789,1,4,0,1,1,0,2.1115283131041465,3
1,2,3,-0.28336453017642854,-1.8599438140004994,0,2,1,1,1,1,-1.4467818130021757,4
0,0,3,1.2586406274808128,-1.8240655718774192,1,4,0,1,1,0,1.8576124331008863,1
1,3,1,1.217544020263908,-0.33224797640848003,0,3,0,0,0,0,-1.3300258981632938,4
1,3,2,-0.5730655026922128,-2.031011911210797,0,0,1,0,0,1,-1.5607083980022602,2
1,0,3,2.22739661667509,-2.417503507795854,0,3,1,1,0,0,-0.11714494949254117,4
1,1,2,-1.8704232250218373,-0.5467843798954914,0,2,0,1,0,0,-1.9300657898958153,2
1,0,2,1.2814990310819931,-2.1798988203820846,0,2,0,0,0,0,0.8766655348135864,1
1,3,1,2.039008962224713,-1.4953580394418156,1,0,0,1,0,0,0.17925667222511965,3
1,1,2,2.3070621401179894,-1.7625445491058425,1,3,0,0,0,0,0.5075925078630095,3
1,0,2,1.9520338423782748,-1.4227287086452312,0,0,0,0,0,0,0.8167504669906303,4
1,0,1,0.4092966434759606,-1.1343191904147654,1,4,1,1,0,0,2.6390437921422296,2
1,3,2,0.07585114689731809,0.35064588348433384,0,3,1,1,0,0,-1.2229262852497758,1
1,0,3,-0.45513225586550854,-0.4646872211679747,1,1,1,1,0,0,-1.3312924697275912,4
1,0,3,2.2495824757111436,-1.7319814765031305,1,2,1,1,0,0,-0.028652448314655188,1
1,0,4,0.5476301046226169,-1.4085161317428572,0,2,0,0,0,0,-0.2713573631675812,4
0,0,3,1.9998625774980017,-2.2254737597870666,0,3,1,0,0,0,0.44263109563336167,4
1,2,1,0.6086843751490376,-1.7435019674119736,0,0,0,0,0,0,-1.5601269540587108,4
1,2,2,0.5089795157772702,-0.6754878444363962,0,0,0,0,0,1,1.1986520642797311,4
0,0,2,-0.585827454058611,-0.41230429210702735,1,2,1,0,0,0,-0.5252179784578954,2
0,3,0,1.7592275098213919,1.4965726169525255,0,4,1,0,0,1,-0.8177204201218655,2
0,1,0,1.9318791962381285,1.9036769883056364,1,1,0,0,0,0,1.3316956923580852,4
1,3,0,1.6803271482116116,-0.6104696340267796,1,4,1,1,0,0,0.9672827385524487,3
0,1,1,0.9968283685242345,0.7386810941021238,1,4,0,0,0,0,0.5142081991681946,4
1,3,1,-0.31861220837003257,-2.149388846190536,0,0,1,1,0,0,-2.0116375447864865,2
1,0,4,1.6003581576138317,-0.4703078416987879,1,2,0,0,0,1,0.5904046361092424,4
0,0,1,0.6324719017238936,-1.2761868167482808,1,1,0,0,1,0,-0.15087908652256554,4
1,0,2,-0.6870657013721958,-1.027286741337297,0,2,1,0,0,0,0.4787792707481524,2
0,0,1,1.825722914353176,-0.5117979406263861,1,1,0,1,0,0,-1.8634900297902308,3
1,3,4,-0.45552276541372594,-1.5964157952228997,1,3,1,0,0,0,1.9404487303084377,1
0,0,0,-1.816053119988007,-0.9963877815810058,1,1,0,1,0,0,0.8118879759517101,-1
1,0,3,1.6043220775935672,-1.0172186167215032,0,3,0,1,1,0,0.4455345366335315,3
1,0,3,0.8637062599424788,-1.2738206792183981,0,3,0,1,0,0,-0.6515605022575143,3
1,0,2,2.3935047773230713,-1.1507526480670047,0,3,0,0,0,0,-1.0234088335173175,4
1,3,2,2.2396309265752756,-2.236114985198186,0,2,1,1,0,0,-1.1951732996380042,4
1,0,3,0.36615166032619695,-2.3915590302832346,0,1,1,1,0,0,-0.5932444037373953,3
1,3,4,1.7239176867722015,0.37853139789254275,0,3,0,0,0,0,-1.8964690881683606,4
0,1,2,2.0892011249269675,0.7141987819429828,0,1,1,0,0,0,2.4035461919908228,4
0,3,4,1.931604363254202,-1.441849470672051,1,4,1,1,0,0,-0.6145327893588135,4
0,1,2,2.112003574571889,-1.7090082314102182,0,4,0,0,1,0,-0.15193782380590526,2
1,3,2,-1.1398027518938965,-1.3303707999836738,0,2,1,0,1,0,-2.2787094106543684,3
0,0,1,2.147402075254244,0.9409991721173377,0,2,1,0,1,0,-1.5001910597749482,4
1,2,3,-0.6643664185755599,-2.2211734789693556,0,1,1,0,0,0,-0.14841075741134535,4
1,1,4,2.2303923655869378,-1.508829862436574,0,4,0,0,0,0,-0.2576566589455842,2
1,2,3,-0.8936200376749708,-1.9226166489459113,0,3,0,0,0,0,-0.01682807966663169,4
1,2,2,-0.7762576874093814,-0.956927647093482,1,3,1,1,0,1,0.6987897958387171,1
0,1,0,-1.4873534481735928,1.1958172989929574,1,4,0,0,1,0,0.10943849600977451,2
1,2,4,1.0948125586637736,-1.4779764488954499,0,3,1,0,0,0,-2.4392403534970684,3
0,0,0,2.2796745509545553,-1.1398094211268555,1,4,1,0,0,0,2.7489256885975486,2
1,3,0,1.0751030346111443,-1.8483152964801288,0,4,0,1,0,0,-0.9528835334294754,4
1,0,0,1.5048551453545633,-0.9177253509619739,0,0,1,1,0,0,2.4041289740454954,4
1,0,1,2.0024187790446586,-1.6354658271710913,0,1,0,0,0,0,-0.13146659517282022,4
0,1,1,-1.687200998198577,-1.7890930642008465,0,4,0,0,0,0,0.35955998106822906,4
1,0,2,-0.010217014120995072,-2.206852927241941,0,0,0,1,0,0,-1.7000393992596292,1
1,0,2,1.3897731633931332,-1.3092126204987626,0,2,0,0,0,0,-0.13849725713362826,2
1,0,1,1.6990339495434263,-1.7493604690940738,0,2,0,0,0,1,-2.164968921892801,2
1,0,3,2.0666311450383734,-1.3803065780294037,0,3,1,0,0,1,-0.8523663391081009,4
1,0,4,-0.2610492834470598,-1.4343657364116038,0,3,1,0,0,0,-1.9729942090569579,2
1,0,1,0.46358833601510874,-1.9778981021990565,0,3,1,0,0,0,-0.35783235652371737,3
1,3,4,1.9056196648017178,-1.6883327527379515,0,0,0,0,0,0,-2.135180101759938,4
0,1,0,2.3020171107621596,-1.308600755652458,0,4,0,1,0,0,0.8295699250764388,4
0,1,2,2.28901642748896,-0.6212345255684488,1,0,0,1,0,1,-0.49011804390434444,3
1,0,2,0.6514850367048658,-1.826862295494597,0,2,1,0,0,0,-2.6714325044220812,4
0,0,4,1.4981483174850854,-0.7864005513990603,1,0,1,0,0,0,-0.105710749199742,3
1,2,2,2.248711378704276,-1.96326621011282,0,2,0,0,0,0,-1.1027601038391077,3
0,0,2,1.4074399245226847,-0.5333826173857643,0,3,0,0,0,0,-0.28926683265011427,4
1,0,4,0.3891342272476534,-1.8453205875197258,1,4,1,1,0,0,-1.1511876896161481,1
1,2,3,1.2298220178150119,-1.595363942626734,0,0,1,0,0,0,-0.06950461234812105,3
0,1,2,2.0049457756490816,-0.8098556524897631,0,4,0,1,0,0,0.8063668237042998,2
1,3,0,1.9167679187835587,-1.680218042064964,0,0,1,0,0,0,-1.0050884429242883,2
0,1,1,1.179377205705314,-0.6246064472989215,1,4,1,0,1,0,-2.0649935219541296,3
1,0,2,-1.051295478791124,0.13639300251855807,1,1,0,1,0,0,0.31675216956706853,4
1,2,1,0.472895194331143,-1.7997466838444804,0,3,1,0,0,0,0.16707169788799134,2
0,0,4,1.1252247306118237,0.3098587098902824,0,4,0,0,0,0,1.023331953760868,4
0,1,4,2.0554054035410987,0.1324780333282926,0,1,0,1,0,0,0.003847212786961679,2
1,1,2,1.6498864339033088,-0.9287052254726367,1,4,0,0,0,0,0.34872244928200813,2
0,0,4,-1.4121922087028143,0.21521519258363753,1,0,0,0,0,0,-0.2109160202228445,4
1,0,3,1.1601851628548778,-1.7028921437426259,1,0,1,0,0,0,-1.787341582753645,3
1,0,4,0.6558654583823178,-0.9432857798882621,0,3,1,1,0,0,-1.8027671420975309,3
0,1,1,-0.702348550100974,-0.707845353332091,0,1,0,0,0,0,0.9024041248363519,4
1,0,1,-1.8371312523071945,1.7404122184957775,1,1,1,0,0,0,1.3467735022655782,3
1,0,3,-0.29093493655894254,-1.981988198928887,0,0,1,0,0,0,-1.0623188986448,4
0,1,4,1.2946291398937226,1.088361742931258,1,4,0,0,0,0,0.2600049660131809,2
0,1,1,1.0445389653290342,1.4947091930037526,0,0,0,0,0,0,0.09070998865858959,3
1,0,3,2.4085896757529963,-0.8782788440487848,0,0,0,1,0,0,-2.0116811758931927,2
0,1,2,-0.777216355558405,-1.2136840510895632,0,2,0,1,0,0,-0.7488073529802348,2
0,3,0,-0.45631314451400684,-1.53975433566871,1,2,0,0,1,1,-0.27740894205486044,2
0,2,0,-0.35212955231669574,0.5541936716268587,0,1,0,0,0,0,-0.6280604785098594,1
1,1,1,1.2257460845220214,-1.9349851240544311,0,3,1,0,0,0,-2.192798710864489,4
0,0,0,-0.7522013314020561,1.6803916782152881,1,4,0,1,0,0,1.079875492638776,2
0,3,3,1.811557624748573,1.340076139618974,1,3,0,0,0,0,-0.005718427691169037,2
1,0,2,1.1214057135717204,-0.024906667103823943,0,1,1,1,0,0,0.09355795287945867,3
1,0,3,0.7297889089332878,0.8514602153454629,1,4,1,0,0,0,1.339000418645562,4
1,0,4,0.29533085153022004,0.3445113820197695,1,1,1,1,0,0,0.4793238556245899,2
0,0,1,2.1875450991898986,1.027309004600614,0,0,1,0,0,0,-0.060469660186187824,3
1,0,3,1.884243302981367,-1.263097546901061,0,0,0,1,0,0,0.8079073489042667,4
1,3,3,0.6799089383459452,-0.6956265202323693,0,3,0,0,0,0,-0.4896282021913878,4
0,0,4,-0.98817177045542,1.2742731894817123,1,3,0,0,0,0,0.15289917043333223,2
1,2,3,1.8273701589966531,-0.7827558529802919,0,3,0,0,1,0,-1.488555128089422,1
0,1,2,-0.41320529659669614,-0.4414334176295401,0,4,1,0,0,0,0.6198459408968909,3
1,0,2,-1.5413653185306042,-2.253281515095828,0,2,0,0,0,0,-1.8503298594416795,4
1,3,2,0.6386850542967647,-1.452236225917969,1,4,0,0,0,0,-2.623864312452376,4
1,3,1,-0.6677401587373567,-1.145869234145426,0,0,0,0,0,0,-1.8497917507978219,4
1,0,2,1.2670450113559482,-1.6814336188651653,0,0,1,1,0,0,-0.20823081298496576,4
0,1,0,1.9973979878636432,-0.052475567246110466,1,4,0,0,0,0,-0.8744366284472249,4
1,2,1,-1.3930022574654441,-2.0856920197788726,0,0,1,0,0,0,0.558386724853432,4
1,0,0,2.258472719755785,-1.6313085115813553,0,0,0,0,0,0,-0.7876121915323051,4
0,1,2,-0.8696308255263576,-0.6650164096534301,1,0,1,0,0,0,0.07652305639255275,-1
1,0,3,0.20460776323163388,-1.4641781984120399,0,3,1,0,0,1,0.16004051785420018,3
0,2,4,1.1777121990811037,-2.0839226481455153,0,3,1,0,0,0,0.7031887498817708,4
1,0,4,2.050055679511809,-1.6679808015110735,1,3,1,0,0,1,2.077272704530227,4
1,3,4,1.2044306303901169,1.5626263114391796,0,3,1,0,0,0,1.104084375068396,1
1,0,3,0.8677563173010746,-1.2055740042779088,0,3,0,0,0,0,-1.6374863840389717,1
0,1,0,0.31959215745959907,1.352733738380397,1,1,0,0,0,0,0.4130486211319273,2
0,1,1,2.1750803831228556,-1.4050110971635286,0,3,1,1,0,0,-1.0247299185357215,4
1,0,3,1.607982165740577,-2.1238737131780616,0,0,0,0,0,0,-0.8847818922279855,3
1,0,3,1.844065635620849,-2.057858164080749,0,3,0,0,0,1,-1.3962107447199927,4
0,1,4,0.7052063318332105,1.43785649579711,1,1,0,1,0,0,0.9476052455096946,4
0,0,0,1.2919929422972078,-0.509428329086345,1,0,0,0,0,0,1.2859777881305008,2
0,1,4,0.7883440845414528,-0.6256098622677388,1,1,0,0,0,0,-0.13916082194704482,3
1,0,1,-0.5542100614750305,0.37218917322798595,0,3,1,0,0,0,0.2769609550296416,4
1,0,1,0.4627197486484057,-1.9266372827347407,0,3,0,0,0,1,-0.9992944089113218,4
1,0,2,2.330198625678655,-1.7066490462161923,0,4,0,0,0,0,0.33690101466164685,1
1,2,1,0.47320530001148287,-1.794024559646131,0,3,1,1,0,1,-1.0623652984499319,4
0,1,0,1.9613734296207714,-1.8268039188641723,0,4,0,0,0,0,-0.48555348681400223,4
1,2,3,1.0406919377794697,-2.183563646482068,0,3,1,0,0,0,-0.6572996241171741,4
1,3,2,-1.1308846739436995,-1.555738390188239,0,3,0,0,0,0,-0.23343695145753895,1
1,0,3,-0.5699559438634592,-1.505154376498015,0,3,1,0,0,0,-0.3271973320696546,4
0,3,0,0.8613032482284333,-0.4112293427377355,1,2,1,0,0,0,0.2595661111807108,3
1,2,2,2.1965551020504264,-0.9840407092937076,0,0,0,0,0,0,-0.3439659004161103,2
1,0,2,1.133509809503289,-1.8370229768322588,0,3,0,0,0,0,-1.0500018268431985,4
1,1,4,1.9303501736879944,-1.926854440736181,0,2,0,0,0,0,0.19446687844873256,3
1,0,2,0.9962675705239855,-1.0059906879311844,0,3,1,0,0,0,-2.6127729422723664,2
1,0,0,-0.5105106867840463,-1.637255637204584,0,3,1,0,0,0,-1.2600562918542142,4
0,0,0,0.8445117740072009,2.2876456824041083,1,4,0,1,0,0,1.4865001026151017,3
1,3,4,0.5565354613539581,-1.7296353760281105,0,3,1,0,0,0,-1.2276781743083838,3
1,2,2,1.740661066944264,-1.6429912668155988,0,0,1,0,0,0,-2.558282169235631,4
1,0,2,2.062857811899117,-0.9640160831879196,0,3,1,0,0,0,-0.673877840987271,4
1,0,1,0.9101520201058112,-2.2713270342965974,0,3,0,0,0,1,-0.8058762336286207,1
1,0,1,1.3265645898310057,-0.012589703940433461,0,0,0,0,0,0,-1.584728760024377,4
1,3,1,1.2775263589359518,-1.6219328503813957,0,3,0,0,0,0,-0.48319973783997694,4
1,2,3,-1.2317023180232318,-1.771970690914308,1,2,0,0,0,0,0.09597665323468751,4
0,1,2,-0.9078440555385947,1.6875112018489917,0,1,1,0,0,0,0.7161524879542452,4
1,0,0,2.1872278680012123,-1.7835546712916135,1,2,1,0,0,0,-0.5704260085225498,3
0,1,4,-0.9861405875288594,-0.8441600056265576,0,1,0,0,0,0,-1.5409109630569569,3
0,1,1,1.5507297619313418,-0.9408545646301643,0,3,0,0,1,0,0.021435091062787515,4
0,1,2,1.0694280775012097,-0.6170976138545239,1,4,0,0,0,0,-1.7746337602540865,4
1,0,3,-0.5101387062230344,-0.26331202362504647,0,3,0,0,1,1,-2.0965317337988374,3
0,1,0,1.3866856896624598,-0.5145992393241909,1,4,0,0,1,0,-0.5467139021572195,4
0,1,4,-1.4659271099816489,0.3303773956842439,1,4,0,0,0,0,-0.8936174767768474,3
1,3,2,-0.41450474529391146,-1.518700715996957,0,4,1,1,0,0,1.5359156928427702,2
1,0,1,2.0442190479157873,-1.7381310527655398,0,3,1,0,0,0,-1.2845491527515132,4
0,0,1,-0.5603389537893412,-0.8501364494581001,1,4,1,0,1,0,-0.38003931419133086,4
1,1,4,0.4202883062332137,1.6643362172831793,1,2,0,1,0,0,-1.3656510424090647,2
1,3,2,0.4616964957162984,-0.5587689746676547,0,1,0,0,0,0,0.08009610673749401,2
1,2,2,1.7983838365090297,0.5617847343249663,0,0,1,0,0,0,0.2631851815855133,1
1,2,1,1.4338384624383358,-2.021238074929755,0,0,0,0,0,0,-1.3277363848710002,3
1,3,2,2.061556251904447,-0.9477741424691113,0,1,0,0,0,0,-0.01655763330010207,4
0,0,0,0.9021818051794581,-0.5403693049456175,1,4,0,1,0,0,1.8832387455179473,1
1,3,1,1.5655730563939971,-2.4444467740178,0,3,1,0,0,1,0.20441810868265253,3
0,1,3,1.0240787329984995,-0.35624355580006506,1,4,0,0,0,0,-0.35856560554681416,3
0,3,4,-1.5033324869843574,-1.0440699919497973,0,4,0,0,1,0,-0.8858958492252176,2
0,0,1,2.081400632934826,0.06680759525770175,1,1,1,1,0,1,2.596511560272701,2
0,1,4,1.9365799386876903,2.3252808593974335,1,4,0,1,0,0,1.249594269965935,3
1,1,0,0.9237631432073243,-0.5222053673116304,1,0,1,1,0,0,-0.39737341648292923,4
1,0,1,-0.46595765650788173,-0.045510430265804924,0,3,1,0,1,0,-1.2563282723255431,1
1,0,3,1.7946140963954955,-1.276847996403342,0,1,1,0,1,0,-1.3018834610679821,3
1,0,1,-1.4941486931372268,-1.401135905722961,1,0,0,1,0,0,1.2443059911930696,4
1,2,2,1.5038577249606693,-2.261080698109719,1,1,1,0,0,0,-0.14538220875774843,4
1,3,4,1.039631343307196,-1.9175653950205165,0,0,1,0,0,0,-1.3656253697331606,4
0,0,4,1.0489961794620837,-0.8363756850170107,1,2,0,0,0,0,1.0406137379258003,1
1,0,3,-0.9889455048028319,1.985364282648538,1,2,1,0,0,0,-0.7270540955987735,4
0,2,1,1.6953931826479414,-1.8205581844518628,0,0,0,0,0,0,-0.23382747501205037,1
1,1,0,-0.45335557431913465,1.6020235611084623,1,4,1,0,0,0,0.22533631903599982,4
1,0,4,-0.45829498206304764,-1.3313298994755502,0,3,0,1,0,0,-1.161880244420824,1
0,0,1,1.571510406554455,1.1511464778585672,1,1,0,0,0,0,0.5272205552534109,4
0,1,0,1.9597151858427697,-0.02688385923287695,0,4,0,1,1,0,0.2899935882821726,4
1,0,2,1.978515234793985,-2.03795841245687,0,0,1,0,0,0,0.6704269235571888,4
0,2,4,-0.07584300183158471,-0.011009657485329893,1,4,0,0,1,1,-0.7152153007822128,4
0,1,4,2.298863343024001,-0.6869038028099674,1,4,0,0,1,0,0.8188042323500504,3
0,1,1,-0.57428076812918,-1.031388682651992,0,4,1,0,0,1,1.0934282115832805,2
1,0,0,0.8501830561213499,-1.057953554185002,1,0,1,0,0,1,-0.09727050636649276,3
0,1,1,-1.0072940079504602,-1.3775924612012669,0,1,0,0,0,0,-0.5083246111732008,3
1,0,0,1.7573649187274691,1.8885097805175721,0,1,0,0,0,0,-1.0610001024898683,3
0,1,0,-0.6334069642215132,-0.04615673560407252,1,4,0,1,0,1,1.5659886888735042,2
1,0,4,0.06086849980779219,-1.555652977009294,0,4,0,1,0,0,1.1322003314705884,2
1,0,3,2.383158834294432,-1.2187695808897538,0,2,0,0,0,1,1.9007961300513876,4
1,3,0,2.3084238844813507,0.6149777669410654,1,3,0,0,0,0,1.3132390167903192,3
0,3,1,-0.760949178261896,-0.8146137428167025,0,0,1,0,1,0,1.6268111835906875,3
1,0,2,1.8868691920298015,-0.9902764927945262,0,2,0,0,0,0,-1.9795447920824025,4
1,0,3,1.7101927227752824,-2.16214820796165,0,3,1,0,0,0,0.5281300613986705,4
1,2,4,2.185117465046331,-0.4689193089254525,0,3,1,0,0,0,-0.5388313746085578,1
0,0,2,-0.430417324893694,-2.1600505790504396,0,0,0,0,1,1,-1.4385540733516837,4
0,0,2,2.0961591174226277,-1.4034175147597157,1,4,0,0,0,0,1.6839117659860918,4
1,0,0,1.0292326747369578,-1.0386175210827195,1,2,0,1,0,0,2.0086742537900557,4
1,0,2,1.5272242943176202,-0.9509407190978654,0,2,1,0,0,0,-1.658346944565626,1
1,3,3,0.45652185934473627,-0.9366019160250744,1,0,1,0,0,1,0.49232226821846725,3
0,0,0,-0.7115112297843319,-1.3902162069227162,1,4,1,0,0,0,1.4341165006152963,4
1,0,3,2.257627151373543,-1.8930761868364685,0,2,0,1,0,1,-2.7607101829186584,4
0,1,4,1.676063347475616,-1.3441899063957692,1,2,0,0,0,0,2.8110581525134672,3
0,0,4,-0.8625403677613228,0.0780749302360042,1,4,0,0,0,0,-0.5342569723460328,4
1,3,4,-0.4825804027767926,-1.223385807607606,0,3,1,0,1,0,-1.95571435532769,4
0,1,1,2.289594543593106,0.8428849466637919,1,4,0,1,0,0,1.0920786675484142,3
1,0,1,2.016702334879826,-0.24632169045585434,0,0,1,0,0,0,-1.7361048123719764,1
1,3,3,1.1787224371837923,-2.099083521932558,0,3,0,0,0,1,-2.759562031240443,2
1,0,3,2.0151828205663502,-1.1859737598006115,0,2,0,0,0,0,-2.7408967654499508,4
1,0,2,0.19398390075972594,0.6835699230356583,1,1,0,1,0,0,0.1353744859864407,3
1,0,2,2.1387471229365542,-1.7854551325496906,0,0,1,0,0,1,0.7300890501040989,3
1,3,2,-0.8466633645858453,-1.1533679692248917,1,1,1,0,0,0,-1.1132642789537717,3
0,0,1,1.4623261635822586,-0.6881681455042831,1,1,0,0,0,0,0.014658902818738717,4
1,2,4,0.6712731123410299,-1.7184123812239434,0,3,0,0,0,0,-1.3776562879622352,4
1,0,1,-1.536244377650874,-1.3331738250391738,0,4,1,0,0,0,1.2373490453213523,1
1,3,2,-0.5834344130752986,1.5894198577722642,1,3,0,0,0,0,-0.045994274026022186,1
0,1,2,1.5797769108684734,-0.3378589386835331,1,4,1,0,0,0,-0.3292447428937977,4
1,0,4,2.1961815796037802,-2.10202188719529,0,3,0,0,0,0,-0.15323127321763397,1
1,0,3,0.5601537802298377,-2.268657889716732,0,2,0,0,0,0,1.110850012414488,2
1,0,2,1.0007143083165333,-2.1823085491872565,0,3,0,0,0,0,-0.3707567271155636,2
1,2,1,-1.0339784584015417,-1.5649827959522558,0,3,0,0,0,0,-0.9393202868619378,4
1,0,1,2.0064078313428735,-1.3912268721869685,0,0,1,0,0,0,-0.07972883990066348,1
1,0,0,1.6872830812171744,-1.05183429562984,0,1,1,0,0,0,-0.5446442724999575,3
0,1,2,1.6043053670575695,0.871754395657759,1,1,0,0,0,0,-0.7105680072759166,4
1,2,2,2.04230339479916,-1.392085505085231,0,3,0,0,0,0,-2.135924982631079,4
1,0,1,-0.4982119963821642,-0.90477393037337,0,0,0,0,0,0,-1.6255141950757284,3
0,1,0,0.9262165825339131,1.2090045636338518,1,1,0,1,0,0,-0.291800571358084,4
0,0,4,1.2619034962123803,-1.2064286711943883,1,2,0,1,0,0,2.5732026554505847,1
