Aspect,Slope,Horizontal_Distance_To_Hydrology,Vertical_Distance_To_Hydrology,Horizontal_Distance_To_Roadways,Hillshade_9am,Hillshade_Noon,Hillshade_3pm,Horizontal_Distance_To_Fire_Points,Wilderness_Area1,Cover_Type
40,8,30,13,3270,206,234,193,4873,1,1
182,5,280,29,3270,233,240,106,5423,1,2
13,7,351,37,2914,208,234,137,5269,1,1
276,13,192,16,3034,207,238,156,2866,1,2
186,13,266,22,2916,231,231,154,2642,1,2
144,2,415,61,3371,223,231,131,2629,1,1
61,5,312,32,3731,225,248,163,2946,1,2
94,4,187,63,7151,231,228,173,5153,1,2
67,12,126,22,3098,240,226,121,2512,1,1
46,16,231,73,4591,231,249,106,3101,1,2
19,16,212,74,5263,237,244,188,5476,1,2
74,13,358,11,4973,216,214,121,3158,1,2
82,7,157,72,6062,190,229,164,2708,1,2
179,12,179,69,6400,204,241,168,2564,1,2
31,10,334,69,4911,213,217,129,2923,1,1
261,16,101,38,4577,234,245,178,2534,1,1
142,7,222,8,5213,218,226,143,2455,1,2
272,6,307,67,4240,237,249,182,4415,1,1
84,12,117,43,5981,205,219,141,2423,1,2
108,11,536,58,2899,235,235,156,3008,1,1
332,3,170,11,4815,193,229,131,2343,1,2
99,8,130,36,3124,192,211,127,4486,1,2
19,11,243,45,5355,242,241,148,4635,1,2
309,7,886,74,4491,188,215,166,2421,1,1
132,5,387,26,4651,236,208,127,2458,1,1
77,4,300,89,4635,210,237,150,2554,1,1
72,10,72,23,5268,193,231,108,2402,1,1
263,5,91,14,3037,233,233,177,2225,1,1
245,10,193,14,4653,222,227,115,2256,1,1
4,5,467,90,5269,201,230,126,2463,1,1
37,13,136,29,6160,211,231,141,2142,1,2
113,14,357,6,5300,225,227,175,2868,1,1
77,17,154,14,6803,222,216,119,4604,1,2
297,9,60,7,3493,183,229,133,2438,1,2
1,17,508,81,5350,195,228,170,3304,1,1
145,14,279,86,2915,210,218,124,4932,1,1
97,9,366,71,3672,232,237,152,2062,1,2
66,4,371,8,4527,197,207,115,2215,1,1
85,6,321,22,5064,226,214,184,2224,1,1
322,14,143,11,3355,220,238,162,2192,1,1
224,8,150,46,3371,203,207,136,2164,1,1
311,10,503,8,3796,198,209,168,2484,1,1
83,9,301,7,2876,234,215,193,2455,1,1
2,8,206,15,3903,220,209,132,2372,1,1
35,6,102,79,4135,185,221,117,6580,1,2
73,5,287,61,3292,185,206,171,2403,1,2
98,14,135,43,4465,231,209,98,2596,1,1
112,14,80,74,3635,210,223,166,3001,1,1
60,2,259,85,2965,242,234,137,2225,1,2
18,12,617,123,5297,216,227,146,2335,1,1
119,3,140,34,3929,242,254,115,3562,1,1
241,8,454,120,4413,207,209,143,3572,1,1
80,18,266,61,3704,240,222,195,2800,1,1
92,15,354,120,5779,239,230,174,2243,1,2
359,5,682,42,4927,179,248,141,2777,1,1
152,18,554,71,3322,226,211,141,2220,1,1
2,18,61,45,6082,198,253,110,2471,1,2
129,4,64,3,4424,221,245,150,3578,1,2
150,5,73,66,3530,193,250,103,2936,1,1
128,5,367,30,3451,190,242,168,2291,1,2
34,11,116,37,6286,216,227,172,2006,1,2
29,6,120,58,3929,230,217,97,4208,1,1
317,18,111,16,3689,189,237,204,2157,1,1
233,4,80,75,2841,222,254,116,2142,1,1
282,15,86,0,3012,196,239,167,3412,1,2
250,12,343,32,3520,240,243,96,2931,1,2
264,9,140,85,5200,209,230,125,4139,1,2
126,5,332,29,5125,232,250,99,4099,1,1
65,6,172,77,2808,224,219,157,4139,1,1
191,14,74,0,3458,228,220,116,2474,1,2
107,4,349,18,3753,240,225,204,3527,1,1
92,6,254,35,5192,224,244,135,2576,1,2
31,18,129,82,3551,209,227,100,2158,1,2
99,12,529,34,3402,214,221,126,2030,1,1
287,9,203,11,4667,226,233,141,1957,1,1
295,12,119,5,5750,238,218,137,3389,1,2
177,2,116,33,6444,229,237,205,2807,1,2
190,14,403,3,6140,221,252,120,5598,1,2
285,15,110,17,2808,242,231,96,2715,1,2
70,4,85,25,2860,210,242,186,3381,1,2
217,15,150,35,3254,185,226,156,3724,1,1
12,13,171,33,3437,214,230,183,1938,1,1
100,17,297,74,2801,227,228,181,2207,1,1
44,8,492,43,6091,210,244,178,1904,1,2
111,10,182,34,2916,221,207,188,1996,1,1
65,14,119,5,5121,203,220,142,5318,1,1
71,4,222,92,3345,182,228,147,2440,1,1
316,2,156,42,3265,241,235,190,1924,1,1
132,8,462,0,5542,217,215,125,2281,1,2
16,6,192,79,5828,199,222,131,1866,1,2
159,11,341,63,5854,194,227,133,1852,1,2
150,1,213,0,4391,211,227,138,3140,1,2
32,16,518,25,3637,222,229,137,1850,1,2
97,14,174,3,5421,217,216,146,5576,1,2
101,10,558,99,3364,237,228,202,2126,1,1
75,6,279,151,4300,226,233,163,2919,1,1
32,8,197,4,4008,226,231,105,2394,1,1
159,15,265,10,4699,224,235,99,1846,1,2
327,2,293,25,7039,226,232,156,1962,1,2
147,7,1050,72,5794,219,216,114,7618,1,2
195,18,261,7,3762,226,239,192,1916,1,2
343,18,94,78,3760,231,233,116,2025,1,2
7,12,77,42,4309,232,218,150,1876,1,2
0,9,558,95,5311,239,232,122,1837,1,1
98,11,485,75,3941,231,208,131,1867,1,1
80,13,465,3,4570,243,222,105,4371,1,1
14,12,287,6,4148,220,210,139,1883,1,2
77,8,267,22,4125,210,226,116,1776,1,1
58,6,200,2,3653,224,240,181,4672,1,2
86,11,215,79,4056,215,216,176,1834,1,1
314,15,557,12,2810,243,231,186,5186,1,2
25,4,219,52,3369,222,218,133,3071,1,2
58,13,180,30,3496,203,229,114,2826,1,2
142,16,612,-52,5808,242,232,114,2639,1,1
266,17,269,9,3190,228,212,168,1873,1,2
158,18,348,71,3487,186,253,159,1852,1,1
123,13,393,-87,4472,219,231,156,4230,1,1
27,3,148,72,6435,234,231,133,1807,1,2
23,3,261,-9,6944,242,235,145,3995,1,2
38,12,203,21,6165,206,214,164,1801,1,1
304,8,87,0,5480,239,243,114,2065,1,2
131,5,513,207,4309,208,231,146,1954,1,1
308,17,104,45,2964,234,254,120,1830,1,2
354,11,202,23,2869,182,219,165,1870,1,2
120,12,385,-1,4071,205,218,127,5509,1,1
323,8,295,117,3329,213,216,172,1972,1,2
105,13,128,61,2758,211,234,189,2587,1,2
55,10,342,17,2759,226,236,170,2922,1,2
212,16,352,111,3449,202,244,118,1886,1,1
18,1,147,4,3045,229,210,118,2064,1,1
340,12,257,35,2909,180,230,180,2103,1,2
53,5,445,-110,3773,204,234,116,2528,1,1
209,11,171,90,3172,238,245,128,4250,1,1
5,13,228,0,3516,191,231,176,2427,1,1
82,13,183,94,3673,222,211,167,2436,1,1
185,16,116,0,4152,224,223,148,2676,1,1
30,15,142,-4,3052,217,218,101,4351,1,1
153,17,181,23,3821,210,214,204,3197,1,2
56,16,130,27,2915,244,224,186,2484,1,1
289,11,374,158,3461,211,208,173,1967,1,2
222,15,320,1,3046,218,208,142,3358,1,2
58,17,64,31,3865,225,229,154,1769,1,2
213,13,435,58,3664,243,252,131,1882,1,2
117,15,300,24,3594,208,237,171,1765,1,2
18,13,62,-60,3760,212,229,141,2268,1,2
177,19,155,32,3136,220,218,174,2089,1,1
131,9,372,2,5138,212,247,130,1907,1,1
359,5,159,0,5811,214,241,139,1932,1,2
49,15,182,73,3779,209,203,131,2336,1,1
359,12,269,23,6441,220,214,143,1923,1,2
150,8,928,1,5831,201,238,103,2036,1,2
174,19,500,151,2981,194,220,113,3597,1,2
264,14,296,2,3382,218,214,104,3218,1,1
187,5,546,80,2959,214,226,159,4041,1,2
104,14,513,37,2832,174,246,125,2240,1,1
324,1,358,22,3686,208,217,159,1938,1,2
202,2,145,1,4586,220,216,158,2273,1,2
326,11,83,1,3689,235,238,152,3097,1,2
84,16,487,1,4113,202,244,130,2782,1,2
225,15,202,0,4793,214,222,128,1822,1,1
63,12,202,7,2731,218,209,148,2014,1,2
215,9,559,59,3380,236,244,137,2481,1,1
293,0,243,33,5785,216,232,156,2104,1,2
144,11,504,80,3126,243,206,149,1820,1,1
125,5,405,166,4455,244,251,197,3805,1,2
300,16,132,91,3604,202,243,149,3400,1,1
338,11,260,85,2938,216,220,158,3098,1,2
139,17,66,2,3940,228,207,101,4162,1,1
161,7,44,0,3645,226,221,144,3171,1,1
262,19,115,28,3050,234,247,202,2014,1,1
246,16,371,83,4664,214,229,138,1879,1,2
334,6,166,-5,4103,218,240,132,4322,1,1
188,12,222,2,5639,233,210,127,1886,1,1
310,10,438,3,4980,233,230,189,1881,1,2
110,4,103,5,3413,230,222,129,2218,1,2
69,-1,265,27,3603,231,225,161,3662,1,2
144,11,452,2,3766,191,206,139,2198,1,1
155,8,295,21,5020,214,250,163,3049,1,2
332,7,131,-39,3826,229,237,179,2130,1,1
129,6,116,80,4015,230,205,161,1900,1,1
335,10,135,93,5429,241,225,156,2474,1,2
78,17,403,19,3821,233,202,166,1938,1,1
6,16,118,40,3509,231,235,122,1790,1,2
149,18,200,86,3314,234,207,156,4804,1,2
36,7,61,3,2854,219,229,120,2575,1,2
288,15,267,0,4419,231,219,193,2699,1,1
339,8,223,123,3710,243,227,124,2265,1,1
329,16,86,61,5763,202,247,177,1667,1,2
104,5,149,-4,2965,242,217,145,5066,1,2
240,12,224,-6,3611,205,241,129,4226,1,1
51,4,99,-1,5028,201,212,102,2564,1,1
155,13,119,5,2944,235,226,96,2707,1,1
95,18,329,162,4353,173,251,138,1938,1,1
351,16,208,57,2707,214,226,149,2817,1,1
136,6,288,-7,5173,242,219,164,1927,1,1
55,19,627,87,3540,227,222,141,3774,1,2
106,3,593,-2,4893,235,208,99,2426,1,2
185,13,539,5,3104,226,241,161,4083,1,2
82,16,61,-2,5006,204,230,150,4445,1,2
113,15,140,73,3731,173,223,171,2419,1,2
119,10,334,22,2767,178,224,176,1817,1,2
55,8,84,72,4325,227,221,97,4755,1,2
263,10,232,147,6285,190,245,122,1998,1,1
299,6,87,85,4403,180,222,119,1993,1,2
333,10,228,116,4223,243,217,162,1849,1,2
80,5,764,63,3603,222,231,211,3488,1,1
73,16,611,-73,5142,233,247,174,2396,1,2
34,2,191,64,5428,240,214,142,2695,1,2
16,12,62,96,3914,192,215,124,3451,1,1
104,19,355,42,3107,228,230,187,1850,1,2
94,4,138,58,2734,213,233,142,1760,1,2
256,13,50,6,5870,215,227,161,2926,1,2
309,7,149,94,3916,210,214,189,3061,1,2
328,8,195,3,3044,178,213,162,2383,1,2
78,15,218,62,3989,235,229,141,1659,1,2
110,12,54,2,3023,222,215,120,1962,1,2
91,6,385,7,5254,209,227,212,2303,1,1
78,-1,142,-6,5344,211,246,135,3272,1,2
62,15,45,13,3894,226,226,167,4301,1,1
73,13,258,36,4270,192,254,131,4334,1,2
34,7,72,101,2972,197,233,141,5001,1,1
142,18,781,38,3232,195,218,97,3201,1,1
312,16,306,76,2894,225,244,187,3223,1,2
66,11,272,17,5492,197,242,151,1709,1,2
98,0,233,19,5144,240,208,173,1865,1,1
157,16,122,-3,5887,227,229,113,1977,1,2
194,17,421,-1,3779,207,252,136,2090,1,1
40,15,500,2,3164,202,204,128,4039,1,1
127,11,388,11,5947,197,246,118,2275,1,2
322,19,824,53,5708,226,251,166,3844,1,2
86,10,462,95,4615,172,220,147,2712,1,2
69,19,148,87,3711,239,202,151,3877,1,1
45,14,383,36,3989,189,247,208,2961,1,2
20,16,66,-5,5261,242,206,160,2717,1,1
261,7,51,0,3539,227,240,155,2378,1,2
72,4,504,156,2826,230,222,151,2122,1,2
156,15,67,-5,3132,198,235,140,3370,1,2
80,15,302,42,4710,210,205,95,6669,1,2
112,6,136,19,3122,206,209,205,2688,1,2
298,6,563,136,2844,235,239,204,2947,1,2
3,10,272,92,5514,225,241,127,2858,1,2
324,7,57,9,3903,207,223,155,4261,1,2
75,11,104,-10,6447,237,242,186,3087,1,2
76,19,210,29,5121,218,216,156,1884,1,2
283,11,467,1,3162,242,228,185,2499,1,2
244,13,389,32,4494,232,240,160,1663,1,1
130,16,433,4,3111,224,223,150,1958,1,1
6,15,82,-2,5694,211,226,180,1893,1,2
188,16,42,29,3840,234,233,155,2133,1,2
128,15,90,106,4474,226,235,107,3969,1,1
184,6,160,124,4380,218,226,144,4193,1,1
156,13,86,-29,3729,211,226,141,1763,1,2
76,16,88,59,6793,227,208,128,4123,1,2
72,13,271,216,2952,231,223,119,2466,1,2
141,7,95,-7,2802,211,209,115,2351,1,2
167,3,180,-5,3105,194,236,138,3070,1,1
328,10,173,13,4488,217,222,154,5672,1,2
63,5,81,-1,5741,241,233,105,1890,1,1
89,18,161,3,3615,203,215,134,2729,1,2
185,5,172,165,6069,221,233,144,5121,1,2
120,10,84,30,3371,204,228,133,2163,1,1
254,17,60,-34,3170,236,246,160,3140,1,1
247,4,200,10,3930,203,249,177,1559,1,1
140,10,45,-7,6546,207,224,179,1924,1,2
220,10,256,77,3325,173,202,177,2957,1,2
87,13,137,94,3496,182,229,110,1741,1,1
100,8,346,35,4521,231,207,111,3877,1,2
66,17,1143,71,4937,218,223,96,3163,1,1
47,15,261,40,3942,232,232,172,1821,1,2
61,14,182,104,2755,241,241,175,2231,1,1
236,17,328,2,3436,233,209,163,1807,1,2
133,10,233,41,4741,238,227,153,5365,1,2
198,0,616,53,4365,183,219,147,5888,1,2
34,7,165,156,4434,207,224,154,4321,1,1
90,12,410,49,4622,237,253,155,2925,1,2
47,7,89,-5,4060,199,226,168,1826,1,2
208,17,280,-67,2855,235,224,166,2386,1,1
281,18,320,1,3644,207,246,148,7457,1,2
119,4,284,151,2695,229,225,123,2774,1,2
80,8,42,11,5163,171,221,126,4765,1,2
168,8,164,1,4248,183,207,111,1922,1,2
231,0,485,-5,4587,226,236,152,2017,1,2
25,13,58,19,4507,225,214,169,2170,1,1
192,12,919,-38,3157,199,205,144,5577,1,1
343,8,127,56,3245,197,250,139,1661,1,1
155,7,377,-1,2772,201,212,175,2070,1,2
100,15,125,17,2692,239,232,155,3480,1,2
101,17,70,39,4657,213,229,153,1876,1,2
336,10,358,2,4394,229,254,129,1709,1,2
77,13,318,86,3291,237,206,139,1667,1,1
156,14,245,-17,2695,205,228,109,2191,1,2
72,9,126,34,4213,240,232,113,2556,1,2
106,16,64,0,5994,231,246,128,2418,1,2
273,14,483,10,4395,224,233,198,1541,1,1
68,12,198,3,2952,232,204,177,2835,1,2
160,10,484,30,4247,171,243,105,1792,1,2
57,19,321,143,2853,236,226,182,3152,1,2
165,9,513,18,3284,170,254,100,2167,1,2
206,9,50,-45,2863,199,226,119,3151,1,2
86,19,117,5,4806,243,220,98,2189,1,2
252,12,270,4,4818,224,203,126,3799,1,1
42,9,752,194,3987,222,252,124,1663,1,2
347,19,533,15,2892,244,218,128,1895,1,2
109,4,309,-5,3211,193,220,129,2610,1,2
116,0,161,-10,3088,219,232,182,4570,1,2
320,7,543,58,4150,235,207,167,5146,1,2
52,14,337,16,2885,181,218,199,2695,1,2
163,11,324,111,5587,230,249,173,2318,1,2
60,17,316,-4,4859,226,225,172,2487,1,1
333,3,1203,0,3210,236,215,126,2499,1,1
111,12,169,3,3835,227,204,97,2518,1,1
195,17,209,1,5364,179,212,127,2337,1,1
128,8,54,-4,4604,201,238,120,4229,1,2
31,13,1095,-3,3031,214,223,131,1788,1,2
325,9,1060,63,6083,217,215,141,1868,1,2
125,13,142,137,3834,231,239,138,2341,1,1
99,4,55,25,5143,209,230,113,1826,1,2
137,9,267,0,4175,223,238,167,2304,1,2
26,9,231,219,6730,228,247,149,2146,1,2
28,9,286,1,3251,207,206,138,1712,1,2
124,8,426,5,3132,231,220,168,1726,1,1
123,8,178,8,3354,212,223,113,1629,1,1
208,18,553,5,3457,222,223,138,3058,1,2
31,11,148,7,2802,222,215,170,1725,1,2
127,15,532,19,3797,204,212,189,1734,1,2
151,8,149,119,3222,225,227,156,1882,1,1
69,5,529,-4,4925,233,232,118,1590,1,2
177,20,357,77,3393,196,254,163,1927,1,1
109,15,96,5,4595,218,237,95,1936,1,2
310,4,210,91,3738,222,226,166,1544,1,1
139,16,44,61,4546,217,207,139,1902,1,2
348,15,230,-7,2699,207,227,171,2317,1,1
4,4,220,2,4564,234,223,136,1920,1,2
96,13,46,56,2956,243,240,96,2008,1,1
192,19,55,24,4523,203,220,157,2643,1,2
69,1,178,131,3628,223,204,117,4514,1,1
233,4,451,8,4727,215,208,175,1955,1,2
97,13,614,5,4918,237,212,127,1575,1,2
352,16,62,6,3467,227,206,129,1650,1,1
0,6,123,189,4458,208,210,128,3947,1,1
83,6,265,140,5614,230,232,172,5159,1,2
108,7,434,65,2545,241,215,134,3929,1,2
107,11,149,-3,2647,224,219,104,2582,1,2
160,12,342,-2,4986,190,213,130,2260,1,1
6,18,360,56,3682,238,219,205,1667,1,2
89,12,443,0,3854,238,225,102,1596,1,1
190,6,487,0,4535,213,233,159,1516,1,2
116,16,451,15,4611,205,250,164,1914,1,2
122,19,370,4,4384,189,250,169,1930,1,2
38,0,77,61,5387,244,243,174,2391,1,2
286,18,241,25,5495,198,225,116,2085,1,2
300,5,242,4,3067,174,206,179,3193,1,2
321,6,270,128,5729,210,220,120,1672,1,2
327,10,459,114,4140,178,238,159,1411,1,2
39,14,55,33,4959,222,214,126,6179,1,2
172,9,227,124,5012,207,219,164,1648,1,1
206,6,257,124,3968,189,236,148,1493,1,1
354,0,129,54,2701,225,229,160,1785,1,2
166,19,546,114,3211,217,227,159,2074,1,2
107,11,269,217,2753,227,240,136,3685,1,1
57,14,327,-54,5546,223,212,150,1549,1,2
112,13,246,-5,3904,214,238,126,2401,1,2
53,3,207,8,2532,232,238,129,2808,1,2
24,19,197,3,3945,189,242,113,3643,1,1
300,15,107,37,2664,173,243,198,2194,1,2
19,16,65,36,5066,215,228,138,1630,1,2
344,2,325,19,5520,212,232,208,1465,1,2
14,9,185,46,3603,185,246,206,7299,1,2
351,13,105,-83,3541,185,215,129,3709,1,2
313,2,207,28,4824,165,231,144,6655,1,1
103,17,484,67,5953,210,209,116,2488,1,2
304,9,165,2,3927,220,228,173,3169,1,2
17,13,209,9,2575,207,210,97,1800,1,2
341,7,214,7,2671,233,233,207,2151,1,1
39,1,201,0,3168,211,212,209,2895,1,2
22,11,74,119,5483,206,218,133,1990,1,2
117,16,133,-5,4879,194,229,189,1843,1,1
15,15,500,51,4776,213,222,201,1591,1,1
108,19,47,66,3204,213,246,126,5224,1,1
61,7,44,91,5183,236,218,183,3908,1,2
318,9,560,-12,3184,212,234,129,1654,1,2
154,19,176,81,6617,223,232,138,3131,1,2
42,2,308,115,4771,243,226,151,1641,1,2
61,11,142,7,3385,211,210,91,4775,1,2
0,6,667,32,3113,185,214,92,2693,1,1
228,17,262,39,5033,232,253,168,1492,1,2
150,3,558,100,6014,197,217,119,2149,1,2
146,19,63,0,2980,182,246,111,3188,1,2
81,11,217,56,5144,223,226,92,2313,1,1
64,19,157,116,2993,236,236,134,4392,1,2
118,13,387,1,3221,228,223,123,1727,1,2
138,8,179,-9,4133,228,217,128,1768,1,2
331,9,403,40,3699,189,245,196,2058,1,2
290,2,155,6,6389,230,243,182,1435,1,1
220,2,142,5,5506,203,219,120,2125,1,2
265,19,47,4,5621,184,214,111,2356,1,1
33,16,42,2,3024,174,231,126,1778,1,2
20,5,128,0,6146,220,245,167,1721,1,2
70,16,187,-2,2627,216,211,127,2271,1,2
91,19,1156,27,6073,228,209,96,1744,1,2
38,16,76,4,5800,214,225,197,1713,1,1
324,12,627,78,4760,165,218,119,1975,1,1
17,18,650,92,5327,218,241,155,2610,1,2
294,7,105,0,6036,231,239,145,1936,1,2
233,8,521,-22,5295,196,231,140,2054,1,2
113,11,125,52,2705,206,254,162,1797,1,1
297,18,396,1,4605,218,253,168,1908,1,2
98,5,264,1,3306,228,224,203,1963,1,2
147,8,513,-6,2554,225,228,109,2199,1,2
185,20,518,57,5567,196,227,131,1886,1,1
144,20,414,22,2999,195,247,116,3781,1,1
280,19,296,90,4438,226,219,140,1622,1,1
335,9,108,-12,5107,215,238,124,1645,1,2
305,2,548,-7,5219,215,238,134,1585,1,1
124,8,116,2,2903,221,225,168,1730,1,2
174,15,113,153,3412,244,246,149,1979,1,2
185,16,188,81,2652,221,218,107,1870,1,1
70,14,271,31,2224,227,229,134,2589,1,2
88,7,156,18,6876,229,199,109,2425,1,2
167,16,317,36,2460,219,238,120,3787,1,1
52,12,162,5,2348,221,212,151,3265,1,1
342,10,65,36,3581,185,220,211,1517,1,2
115,8,80,2,2521,217,223,122,2077,1,2
195,7,147,31,3419,200,221,161,1474,1,1
342,17,115,1,4525,175,202,147,3610,1,2
81,17,114,-2,3673,188,225,164,2222,1,1
138,4,519,-66,2499,227,218,106,2742,1,2
174,12,615,29,4903,232,210,190,2427,1,2
167,9,75,86,4385,188,227,113,1585,1,2
227,9,908,83,4139,231,219,125,1621,1,2
295,8,357,69,5999,196,225,139,1748,1,2
329,14,147,9,5301,218,252,91,3272,1,2
141,14,456,-7,4002,203,241,203,2675,1,1
67,10,300,58,2476,220,208,115,2121,1,2
307,4,121,59,5982,208,205,113,1815,1,2
128,11,196,223,4245,237,232,179,1896,1,2
179,8,1027,10,5332,213,214,101,5385,1,2
289,13,140,123,4189,223,207,171,1721,1,2
51,6,248,29,3158,206,221,140,1619,1,2
250,18,402,-2,3453,218,218,152,4066,1,2
264,6,279,2,4402,227,217,194,1852,1,2
135,1,407,37,3181,215,219,141,1544,1,2
277,17,156,17,2620,187,240,157,1698,1,2
127,16,289,24,4519,226,199,144,2350,1,2
75,10,171,57,2070,223,210,130,3921,1,2
212,17,164,78,4401,185,196,166,3089,1,1
356,5,96,106,6765,228,225,134,2349,1,2
48,17,370,40,2521,204,222,119,4223,1,1
350,4,420,1,5775,170,219,108,1918,1,1
344,12,45,62,3739,171,223,116,2052,1,2
81,19,45,24,2754,233,237,162,6986,1,1
87,6,347,28,2111,224,234,137,2491,1,2
99,12,123,-9,2341,239,221,127,5288,1,1
298,18,210,3,3390,186,199,122,2774,1,1
34,9,531,244,3676,194,247,146,3169,1,1
147,8,600,64,2272,227,215,137,3744,1,2
145,11,217,5,4035,216,226,154,2998,1,2
31,7,322,-3,5980,217,223,168,2218,1,1
70,6,67,221,4559,215,241,149,3628,1,1
131,16,97,0,2498,216,211,136,3115,1,1
168,6,52,96,3409,234,212,159,3580,1,2
82,9,145,109,2684,226,234,109,1899,1,2
80,8,576,113,4599,243,201,199,2022,1,2
284,2,147,2,4392,228,250,132,1435,1,1
123,11,206,23,3802,226,251,116,1454,1,1
126,9,163,118,3194,188,248,115,2906,1,2
151,16,386,36,2394,221,203,136,3864,1,1
181,11,505,157,4698,198,198,148,6474,1,1
249,13,268,145,3385,209,244,103,1897,1,2
63,-1,188,38,6313,208,204,122,2065,1,2
74,12,71,36,2186,241,219,122,7510,1,2
35,7,160,8,4610,169,234,129,2421,1,2
160,8,325,-1,2313,226,236,139,2309,1,2
118,18,796,136,2564,213,205,135,3105,1,1
160,17,132,219,2895,230,213,126,2350,1,1
281,18,192,-4,3155,240,250,179,2277,1,2
7,18,389,53,4808,167,251,181,2883,1,2
98,18,331,14,2245,242,233,153,1954,1,2
117,18,610,0,3382,217,203,131,1655,1,2
94,19,69,107,4425,211,217,208,1755,1,1
96,2,434,3,2059,232,215,146,2492,1,1
31,15,323,45,2048,227,238,113,2862,1,2
117,19,102,2,4673,234,237,187,1999,1,2
189,15,146,43,2896,242,230,156,1797,1,1
86,13,661,140,2665,228,236,165,2169,1,1
135,4,97,30,2388,207,211,152,1800,1,2
266,7,196,16,2573,230,211,161,2872,1,2
107,15,126,3,2344,208,236,144,1964,1,1
31,14,252,81,3671,235,249,146,3638,1,2
114,16,163,59,4808,208,223,121,2322,1,2
77,7,140,3,2078,232,216,107,2318,1,2
354,9,263,36,4411,226,232,143,2292,1,2
248,13,234,81,4584,238,254,132,1440,1,2
143,13,385,10,3518,164,243,120,2645,1,2
221,19,260,41,4895,235,216,174,1549,1,1
72,17,378,33,4007,224,200,213,2273,1,2
303,13,116,154,2732,223,245,146,2145,1,2
117,10,338,5,6279,243,222,198,2595,1,2
275,13,56,-5,3083,211,211,179,4083,1,1
102,13,434,-24,2093,215,220,114,2270,1,1
57,8,104,0,5520,242,238,139,1684,1,2
162,8,355,-5,4556,242,233,205,3330,1,2
252,16,453,107,3089,214,254,144,2539,1,1
3,19,309,81,2606,180,215,149,1962,1,1
234,7,42,12,3209,164,224,173,4220,1,1
71,8,360,25,2514,229,221,136,2073,1,2
183,10,555,-5,3504,243,216,131,1651,1,2
87,17,205,-47,4185,182,240,134,1823,1,1
146,17,39,12,4033,234,221,115,2317,1,1
78,0,253,63,2414,223,230,132,2002,1,1
73,19,304,137,3476,239,216,116,1486,1,1
321,18,38,9,5423,202,235,140,6133,1,1
351,11,91,74,2627,227,215,109,2265,1,2
350,5,158,11,2569,201,239,126,2066,1,2
15,12,68,1,3607,235,205,141,1438,1,1
295,7,477,-26,5951,220,213,110,2551,1,2
113,5,440,0,2370,217,239,135,2588,1,2
298,16,307,35,2356,184,223,153,2180,1,1
68,14,108,225,4556,231,249,123,2740,1,2
159,9,145,15,3740,243,218,156,1648,1,2
318,7,178,-1,5428,207,206,142,3244,1,2
163,13,625,17,2210,213,226,138,3385,1,1
186,20,242,44,4941,227,195,104,2509,1,1
321,13,130,43,2600,237,222,170,1795,1,1
64,14,84,87,2599,244,206,135,4932,1,2
19,6,112,15,2747,230,237,180,3870,1,1
134,19,185,183,3370,216,228,141,2651,1,2
118,0,541,34,2994,199,199,130,2043,1,1
163,14,82,174,3030,230,237,167,1695,1,1
312,9,127,48,3479,204,232,91,1850,1,2
81,1,290,89,4150,243,229,94,2050,1,2
77,9,454,57,2619,196,219,102,1817,1,2
309,11,179,89,2613,216,205,104,2980,1,1
0,1,627,-2,5314,209,220,147,6319,1,1
132,8,47,129,3997,227,235,180,1874,1,1
87,3,79,6,2392,212,226,144,1741,1,2
328,15,169,127,4307,237,225,183,1564,1,2
70,12,63,22,3293,225,197,206,2252,1,1
103,19,529,63,2391,228,217,113,3171,1,2
27,8,38,0,4998,205,235,163,6503,1,2
204,6,805,35,2599,205,240,131,4034,1,1
353,14,187,27,2680,194,238,204,1605,1,2
53,4,382,-8,2290,209,219,132,4583,1,1
105,6,750,17,2327,226,224,138,1835,1,1
81,19,139,21,3858,193,237,148,1485,1,2
329,11,183,13,3982,240,249,215,2649,1,2
175,10,76,-8,5105,219,215,143,1468,1,1
65,0,196,109,2741,209,254,153,2004,1,2
167,6,226,10,2556,197,229,131,4728,1,2
318,8,126,214,3125,169,223,185,1894,1,1
127,10,578,48,2896,245,225,97,2147,1,2
357,11,246,28,2416,173,232,184,4926,1,1
94,9,256,25,2016,210,229,116,1878,1,1
335,11,251,51,2989,227,245,157,1433,1,2
304,13,100,198,3144,236,230,151,1689,1,2
155,9,174,131,3476,221,224,145,1474,1,1
14,12,43,-2,5436,190,224,206,1973,1,2
167,15,160,100,5942,195,245,155,1399,1,2
148,4,308,210,3379,226,199,189,4132,1,2
99,15,279,191,5103,222,226,88,2582,1,2
17,17,56,5,4196,232,220,173,1612,1,1
117,7,109,67,5775,168,223,145,1471,1,1
15,11,451,247,6379,227,213,121,1515,1,2
126,20,198,85,3663,193,254,163,2009,1,2
86,7,463,24,2547,214,240,151,1785,1,1
94,13,31,-6,3771,239,227,141,2057,1,1
156,4,31,7,3099,239,230,190,1808,1,2
82,16,155,6,4221,227,231,88,1824,1,2
77,18,275,1,4717,203,214,117,2144,1,2
117,8,136,227,3515,238,208,180,3248,1,1
13,5,83,9,3482,217,211,169,2072,1,2
322,9,60,-1,3527,187,203,127,1814,1,2
230,18,125,-5,2624,207,232,174,2049,1,1
33,17,209,51,2909,237,205,104,1423,1,1
124,7,373,178,5758,195,211,182,3241,1,2
328,19,325,3,3985,209,239,195,1687,1,2
324,3,93,10,2351,184,228,171,1994,1,2
42,14,147,10,2857,223,200,91,2516,1,1
336,13,111,58,2362,211,240,156,4844,1,2
45,8,175,33,3852,243,245,140,2017,1,1
18,15,45,-3,4242,234,242,168,3399,1,2
232,20,226,49,4532,241,234,179,2163,1,2
338,5,477,33,5870,237,241,97,1550,1,1
343,3,125,-11,3244,197,217,128,2481,1,1
128,4,276,2,2587,237,211,101,2790,1,2
142,3,237,3,2398,244,223,127,1752,1,2
52,5,68,1,2553,240,202,151,2400,1,2
7,8,123,90,3672,213,248,89,1860,1,2
229,4,275,19,2426,214,215,172,2027,1,2
161,13,145,73,2878,224,202,102,2842,1,2
51,19,653,26,5092,233,219,123,2407,1,2
7,9,66,19,3424,245,236,107,4325,1,2
53,11,519,7,3768,232,202,205,1631,1,2
116,8,100,36,2034,239,229,135,1694,1,1
40,10,201,0,5563,211,228,202,1474,1,1
85,8,541,59,3662,245,221,197,2042,1,1
300,10,159,9,2510,211,213,191,2498,1,2
330,5,31,8,3014,237,249,203,1772,1,1
51,6,47,204,5119,235,214,207,2744,1,1
336,11,38,29,4977,233,253,169,2336,1,1
333,5,294,110,2847,229,228,111,1608,1,2
230,14,918,-1,5591,229,242,144,2106,1,2
93,11,57,82,3242,169,245,157,1821,1,2
39,18,407,20,3299,222,241,124,1987,1,1
13,14,196,123,4315,192,227,171,1444,1,2
26,17,728,13,4644,215,240,179,1942,1,1
166,17,124,4,2408,223,216,146,4284,1,2
85,12,390,-38,1998,219,225,133,1715,1,2
150,11,38,39,6051,202,217,137,2112,1,2
132,0,272,12,3029,223,232,161,1528,1,2
8,16,110,45,4119,226,247,212,1471,1,1
157,12,326,-4,3063,232,249,109,1585,1,2
266,19,180,6,2606,236,203,160,1976,1,1
176,17,40,34,6849,181,232,117,3181,1,2
284,10,462,200,4808,187,225,90,4803,1,2
57,14,36,63,3900,219,232,156,4264,1,2
127,7,349,-11,3238,214,228,156,1408,1,2
109,11,1162,44,4977,229,239,190,1564,1,1
105,13,48,20,3646,210,199,148,2025,1,1
100,11,204,10,2898,245,231,163,7114,1,2
94,11,117,22,4508,240,214,216,1925,1,1
14,18,111,63,2029,214,216,137,5303,1,2
174,14,465,16,3196,217,200,133,2986,1,2
70,19,153,3,5574,241,210,170,2027,1,1
249,20,196,169,4819,205,221,108,2290,1,2
259,3,36,55,5409,223,218,174,2144,1,1
57,4,340,-2,5804,228,205,103,1578,1,1
123,13,385,46,7120,229,202,124,1639,1,2
244,15,126,12,3362,190,195,141,2593,1,1
88,21,508,26,4308,193,199,96,6857,1,2
160,10,62,-4,5828,221,218,108,1623,1,2
135,15,276,56,4328,204,211,142,1826,1,2
88,9,164,98,2327,207,225,143,2986,1,1
142,15,68,86,2931,221,230,119,1998,1,1
155,10,1111,33,2633,230,227,149,2088,1,1
331,8,74,2,2262,207,229,148,2505,1,2
163,10,420,-40,2208,243,215,130,2022,1,2
281,20,270,48,3863,206,232,196,2199,1,2
67,12,1067,11,2990,245,213,179,2934,1,2
99,11,213,85,2798,217,233,113,2360,1,1
18,10,1392,3,4474,244,248,177,2448,1,2
114,8,77,-3,1956,219,207,147,3163,1,1
256,5,443,37,2878,228,221,118,1896,1,1
32,19,113,22,5138,228,210,204,1437,1,1
354,16,71,42,3125,212,226,154,2587,1,1
58,4,251,62,5084,224,252,136,6543,1,2
129,12,348,70,5402,227,240,197,2422,1,2
176,10,118,32,4970,245,229,177,1922,1,1
20,11,232,221,3474,215,231,93,2175,1,1
184,5,312,12,5301,198,248,117,2013,1,2
295,15,183,14,4250,243,237,110,2665,1,2
1,20,318,64,3210,195,209,201,2055,1,1
88,4,145,11,2582,216,216,196,1964,1,1
37,13,422,-40,2567,197,238,97,3043,1,1
99,4,231,83,3302,233,215,163,1508,1,2
289,11,193,9,5994,212,234,144,3252,1,2
121,12,188,0,2621,186,224,174,2125,1,2
148,5,135,24,2371,195,226,144,2793,1,1
267,15,584,120,6059,180,250,198,2051,1,1
25,8,54,24,2056,214,234,126,2596,1,2
300,15,199,26,3521,227,248,137,1391,1,2
147,6,210,16,2510,221,214,108,1674,1,1
285,8,274,-4,2601,232,222,112,1778,1,2
193,4,393,10,3994,217,196,178,2471,1,2
61,6,240,155,3293,188,213,176,1600,1,2
303,13,70,-60,4348,243,209,178,1634,1,1
270,19,167,209,3343,233,245,143,1596,1,2
107,20,265,41,3957,201,254,141,2280,1,2
176,11,411,1,3076,209,230,145,3888,1,2
82,4,190,32,2049,202,237,142,1952,1,1
225,6,106,-6,3564,223,215,177,1487,1,1
61,19,649,44,3715,207,234,135,2969,1,1
47,8,589,-4,3477,194,236,213,2082,1,1
96,16,459,-6,2461,201,212,100,2593,1,2
66,7,299,70,4517,228,218,200,2364,1,1
115,5,108,46,1960,207,234,135,6285,1,1
60,8,124,28,3002,196,221,140,2848,1,2
114,3,324,42,3252,244,222,108,1923,1,2
264,20,169,17,3884,200,221,186,1451,1,2
105,3,624,3,4116,234,239,153,1374,1,1
174,17,180,42,2604,231,252,179,1989,1,2
315,3,96,159,4014,243,248,133,1636,1,2
5,-2,159,87,2549,193,229,149,2139,1,2
118,15,281,22,2497,223,242,126,2586,1,1
89,12,437,4,2260,201,233,99,4177,1,1
86,3,149,77,6307,180,210,106,2238,1,1
145,7,67,171,6488,215,230,90,2707,1,2
19,9,538,53,2653,177,227,117,1725,1,2
42,10,305,78,2412,193,232,96,2029,1,1
321,15,168,1,5020,227,242,212,1579,1,2
309,2,211,18,6137,189,250,102,2693,1,2
34,8,213,21,1971,244,227,102,1818,1,2
63,15,131,101,4827,225,244,134,1573,1,1
108,4,36,39,4831,193,222,136,1806,1,2
7,11,32,51,5249,212,231,209,4461,1,2
84,6,362,3,2054,212,225,115,4054,1,1
166,6,111,5,4025,203,251,88,2576,1,2
117,11,264,22,3352,211,224,121,1535,1,2
160,16,161,-1,2306,226,208,123,3064,1,2
73,11,431,82,2715,211,217,160,1513,1,1
75,18,66,53,2607,233,225,108,1509,1,1
137,13,91,145,4267,220,226,147,5514,1,1
93,3,138,6,3218,232,203,190,1696,1,2
7,17,293,0,2852,235,226,131,1415,1,2
109,16,276,7,4232,216,219,144,1427,1,2
139,19,32,26,2797,186,245,127,2102,1,1
102,12,449,147,2377,241,228,142,1851,1,2
73,9,131,181,3780,225,245,93,2881,1,1
43,7,120,206,2900,202,226,192,1827,1,2
169,12,326,73,5011,202,224,176,1941,1,1
95,9,51,-8,3324,203,229,170,1614,1,2
114,13,259,-4,2250,228,204,151,2297,1,1
2,19,236,-71,3378,170,250,185,3842,1,2
107,3,69,135,5740,185,222,104,2650,1,1
56,9,225,146,3212,225,241,169,1515,1,2
99,8,140,2,2455,216,236,155,1527,1,2
290,16,152,204,2911,238,220,122,6373,1,2
318,5,271,135,2549,239,236,117,2178,1,1
223,12,61,1,4498,245,229,130,1849,1,1
279,11,274,59,3689,226,205,172,3409,1,1
68,11,379,90,2787,206,240,180,3055,1,2
1,5,382,183,2793,179,249,160,3011,1,2
146,14,492,0,4616,214,202,136,1446,1,1
133,14,284,2,6529,195,224,130,1471,1,2
321,10,119,70,5109,243,208,102,2213,1,1
106,4,144,80,2090,219,239,120,1991,1,2
131,7,79,49,4244,208,204,123,2379,1,2
62,8,234,213,4751,213,217,117,1951,1,2
296,15,507,14,2762,235,220,163,1484,1,2
120,12,113,181,4397,224,241,183,1421,1,1
52,19,32,52,6276,202,246,104,4402,1,2
320,12,45,111,5036,227,247,174,1439,1,1
235,15,358,116,2048,205,228,198,2875,1,2
112,15,237,159,2082,210,228,131,5139,1,1
37,3,167,-35,2554,228,212,145,2907,1,1
159,15,30,56,3384,218,232,122,2552,1,1
59,4,121,15,2230,218,217,91,2102,1,2
254,8,426,0,2431,215,234,100,2121,1,2
78,14,85,16,5963,172,201,118,2929,1,2
33,19,156,23,4008,190,219,206,1596,1,1
2,16,320,51,2526,232,228,172,3402,1,2
125,13,126,241,2833,231,234,181,4829,1,1
70,17,85,227,3437,226,242,134,2613,1,2
163,19,1013,106,3713,223,215,160,5796,1,1
63,13,128,7,2435,222,208,124,2055,1,1
82,15,76,5,2522,226,226,93,3133,1,1
79,11,178,32,2316,195,236,103,2442,1,2
294,14,139,10,2531,244,209,117,2473,1,2
7,20,222,123,7073,192,214,196,2169,1,2
187,17,43,108,5801,230,220,110,2827,1,2
58,8,131,84,2553,178,234,145,1950,1,2
123,13,432,8,2952,224,207,153,1889,1,2
169,13,132,58,2075,201,223,129,2123,1,2
160,17,330,25,3381,183,194,102,1846,1,1
122,19,463,0,3117,207,203,142,1562,1,1
134,0,78,1,2599,203,243,134,4233,1,1
190,17,268,34,4232,235,249,145,2056,1,2
68,13,231,191,2035,244,213,123,3941,1,1
214,5,273,53,2509,224,210,166,2226,1,2
46,3,178,-27,3682,200,221,156,1813,1,1
6,5,202,173,4751,221,226,133,2233,1,2
39,19,165,38,2038,191,202,147,4159,1,1
236,4,208,40,2898,198,226,205,1911,1,2
95,5,507,-2,4613,221,200,161,2704,1,2
352,17,187,-15,2875,244,201,126,1790,1,1
121,17,433,50,2502,223,229,158,7374,1,2
316,17,33,-46,3089,226,219,111,2056,1,2
194,10,176,53,2089,211,234,159,1567,1,1
326,17,132,19,2118,215,222,154,1907,1,2
114,9,241,22,4442,174,235,118,2727,1,2
56,13,102,109,4712,185,198,141,3398,1,2
116,9,703,274,5359,198,242,148,1636,1,1
350,3,568,63,2481,244,225,166,4517,1,1
312,13,142,200,2957,231,233,162,1587,1,1
327,5,44,-1,3713,242,207,118,1632,1,2
23,20,321,25,2812,210,247,157,2798,1,2
96,10,130,-6,5879,186,221,103,1684,1,2
183,9,96,29,2327,178,224,171,2438,1,2
287,5,214,23,2380,213,235,156,1479,1,2
180,10,271,19,4095,230,206,93,4218,1,1
113,8,68,11,2599,234,253,163,2116,1,1
318,16,299,-21,4204,210,253,150,2048,1,2
260,12,87,5,3676,180,205,179,3720,1,1
337,15,108,30,5212,226,233,190,2065,1,2
262,3,181,-1,2427,221,229,145,3438,1,2
346,16,266,61,2379,219,247,160,2176,1,2
257,11,108,77,2520,205,244,143,2076,1,1
81,19,280,105,1957,215,214,144,6042,1,1
58,7,43,31,2566,188,223,139,1865,1,1
185,7,376,200,2052,215,235,137,2079,1,2
42,14,141,107,2079,242,227,124,2669,1,2
90,1,215,155,2145,227,222,95,2782,1,2
96,17,191,139,5204,235,233,126,2850,1,1
274,16,30,51,3841,219,213,98,3594,1,2
170,15,150,3,2866,222,218,135,1462,1,1
252,12,80,27,2242,196,213,141,1825,1,1
248,15,321,112,3982,231,201,121,1697,1,2
13,7,30,57,4731,202,238,179,1798,1,1
190,17,391,48,4942,217,221,215,3131,1,2
82,11,85,162,2640,209,210,123,2154,1,2
76,5,311,57,2356,214,227,143,2279,1,2
155,7,185,26,2341,179,208,129,1856,1,1
26,19,123,110,2520,205,225,132,4920,1,1
148,17,78,6,2456,188,212,170,2664,1,1
270,21,271,169,3232,188,251,156,2588,1,2
220,10,409,2,4716,165,232,153,1525,1,1
89,6,451,66,2018,200,222,114,2631,1,1
71,14,945,10,2582,222,206,121,1850,1,2
214,3,414,206,3082,195,222,194,1636,1,2
329,11,58,19,2458,186,205,190,1694,1,1
31,1,40,23,2727,214,241,204,3203,1,2
91,9,376,74,3886,224,241,143,1925,1,1
39,12,234,53,2014,198,207,130,5693,1,2
111,9,433,148,5296,187,251,138,2128,1,2
161,11,256,3,2056,216,204,109,4361,1,2
56,4,68,-38,2629,182,232,130,2253,1,1
36,5,391,84,4187,229,250,211,1428,1,2
61,0,438,76,3734,181,219,173,1557,1,2
94,19,463,0,5806,188,229,163,1477,1,2
156,11,186,104,2505,224,213,154,2103,1,2
327,9,502,51,2401,211,246,182,3266,1,2
26,9,384,23,2098,240,237,163,1995,1,2
153,19,108,59,3746,171,205,132,1459,1,2
273,15,71,66,2549,209,247,125,3761,1,1
179,9,435,0,1963,207,209,149,2123,1,2
182,11,368,-2,6471,193,245,104,3195,1,2
61,1,160,-90,2665,190,207,169,2629,1,2
299,13,475,6,2454,244,205,144,2206,1,1
132,14,99,6,5109,234,214,156,1376,1,2
129,17,129,39,2276,223,232,166,1804,1,1
49,11,440,7,3266,224,218,114,1369,1,1
124,13,242,92,2228,236,241,145,5127,1,2
23,17,139,233,3159,203,209,125,2518,1,2
293,17,207,238,3830,244,220,149,1735,1,2
65,20,197,25,3655,232,213,152,1691,1,1
253,20,165,4,3286,240,207,147,2011,1,1
96,12,205,253,6439,242,242,187,1793,1,2
74,11,159,-24,5415,198,198,144,3443,1,2
107,0,119,24,1968,240,209,141,2361,1,2
3,15,34,45,5916,220,223,113,1596,1,1
2,8,841,63,2080,217,204,144,4776,1,2
88,11,110,176,5700,222,250,100,2206,1,2
256,20,413,0,4066,191,218,172,2166,1,2
110,16,350,39,4994,199,215,102,1462,1,2
101,11,44,10,2398,235,230,163,4607,1,1
71,13,324,212,2008,206,226,111,2534,1,2
288,16,688,229,3749,245,221,148,2537,1,2
226,12,99,63,4289,201,227,215,2800,1,2
120,13,43,-32,2459,195,238,128,2174,1,1
322,11,109,6,3624,226,205,175,1699,1,2
61,6,179,-4,2336,203,203,120,1966,1,2
290,18,88,51,2461,220,204,147,2199,1,2
296,11,97,10,3004,206,247,187,1646,1,2
85,9,150,44,2108,195,231,146,2244,1,2
325,15,416,-18,2676,181,220,97,1795,1,2
105,9,322,36,4815,188,200,107,2025,1,2
93,10,214,263,4187,199,232,132,1550,1,2
353,14,164,13,2666,241,221,198,2047,1,1
36,14,437,-4,2565,239,204,165,2352,1,1
309,15,208,18,2227,192,200,161,3029,1,2
160,19,506,198,2367,230,208,146,2001,1,2
92,5,121,129,2379,221,204,142,2755,1,2
91,17,335,0,2508,180,227,133,2197,1,1
24,12,194,22,2653,234,198,169,2055,1,2
70,10,97,72,2138,190,205,145,4335,1,2
358,11,307,44,2020,192,250,155,2365,1,1
54,7,31,-9,2827,215,244,171,1739,1,2
339,18,93,15,2329,244,211,107,2965,1,1
95,11,37,58,2645,206,227,100,2308,1,2
39,7,243,0,4164,232,199,208,2232,1,1
161,11,325,9,2524,239,215,137,2319,1,1
24,8,306,0,2478,179,228,136,1772,1,2
76,12,142,26,7337,201,233,167,1426,1,2
307,7,263,53,4700,217,247,109,1397,1,2
17,18,284,300,6178,221,228,109,3705,1,2
67,4,47,135,6049,201,231,176,2163,1,2
104,12,65,9,4383,211,226,97,1661,1,1
193,9,643,2,2076,208,233,137,2457,1,2
137,16,48,0,4674,245,214,137,2583,1,1
108,15,271,75,2513,211,221,104,1498,1,1
343,12,203,132,2573,218,219,123,1901,1,2
167,9,133,12,2154,207,222,171,1798,1,1
176,5,184,68,2194,191,237,121,5374,1,1
174,18,55,26,2045,241,221,132,4092,1,2
308,13,127,52,2302,214,218,113,1832,1,2
89,11,31,7,2995,235,235,143,1477,1,1
323,14,31,-4,4821,243,226,104,1870,1,2
334,3,126,7,2322,220,210,148,1732,1,2
6,10,407,44,2724,173,222,180,2184,1,2
45,10,200,28,2019,226,242,129,5039,1,1
139,7,468,-7,3768,198,223,125,1368,1,1
172,1,188,42,2010,202,231,117,2282,1,2
96,9,109,60,2700,201,240,98,3916,1,2
325,5,110,93,1975,208,225,164,2292,1,2
101,4,863,6,4020,230,221,126,1323,1,2
144,-1,83,111,3963,241,250,206,3940,1,2
33,11,116,13,2223,215,213,167,2344,1,2
255,22,263,94,3286,203,249,177,2106,1,2
116,12,459,100,4150,179,226,122,2806,1,1
265,13,102,74,2393,243,233,136,3941,1,2
78,18,66,-35,2385,199,197,125,1773,1,1
46,2,1283,0,5579,219,231,121,2998,1,1
355,11,118,32,3876,205,243,199,4448,1,1
291,2,154,0,3690,221,249,150,1446,1,2
26,12,191,-4,5019,188,197,173,2849,1,1
279,12,414,7,4637,193,227,102,1574,1,1
106,20,137,4,3034,205,221,128,1928,1,1
342,14,429,198,3733,220,222,189,2412,1,1
95,20,261,76,4650,189,224,106,1622,1,1
66,6,31,50,5379,242,244,169,1664,1,2
77,12,337,1,2245,236,201,97,2151,1,1
161,6,63,110,2607,193,212,140,1740,1,1
73,9,186,-21,2129,209,236,116,1854,1,2
306,2,312,69,4862,219,233,166,1489,1,2
102,4,163,50,2519,215,229,192,3566,1,2
87,10,40,172,2769,238,233,159,2237,1,1
109,21,195,95,5410,217,207,119,4687,1,1
25,12,277,2,4356,209,226,92,4305,1,1
81,13,229,4,4672,197,201,191,1642,1,2
41,11,531,162,2072,226,207,163,2625,1,1
57,19,311,323,4854,180,225,108,2473,1,1
112,9,40,38,2474,211,228,128,2350,1,1
221,20,115,-93,6198,203,222,145,1664,1,1
143,12,104,27,2197,200,235,167,1974,1,2
258,9,472,-4,3327,193,219,137,1432,1,1
75,11,207,-16,5649,204,197,186,1822,1,2
335,4,245,53,4637,211,245,180,1441,1,2
97,22,102,140,3121,248,219,79,1985,1,1
152,10,397,22,2459,233,216,88,3166,1,2
187,9,661,3,2619,244,247,102,5242,1,2
309,9,280,147,2294,199,205,126,2697,1,2
264,14,160,44,2174,223,206,102,1964,1,1
346,9,266,-4,5315,242,205,212,2157,1,2
33,9,579,-217,2350,241,215,96,1604,1,2
116,19,255,126,2563,218,198,153,1984,1,2
24,13,257,175,3161,226,240,171,2888,1,1
310,17,41,0,6688,220,202,181,2210,1,2
345,5,122,46,1964,200,219,197,1969,1,2
292,17,72,27,4939,188,246,192,653,1,1
344,14,133,88,2215,233,231,152,5498,1,1
9,8,61,9,4720,217,228,124,1077,1,1
133,16,84,-5,2576,229,199,105,5762,1,2
28,14,174,267,3542,241,211,112,1604,1,1
16,8,282,7,3537,216,212,88,5112,1,2
114,8,95,112,3646,237,225,114,1358,1,2
72,5,102,53,5096,179,243,203,1857,1,2
136,19,38,201,3870,230,216,104,5614,1,1
63,20,79,-6,5918,231,195,129,1584,1,1
76,18,114,62,2369,209,198,166,2948,1,2
0,20,90,121,4328,212,221,170,1947,1,2
120,6,93,52,4910,212,204,105,3223,1,1
296,11,196,0,2286,226,213,125,3032,1,2
258,17,54,74,4216,177,229,151,1998,1,2
69,7,39,0,3138,235,222,114,1477,1,1
146,6,422,54,2848,212,251,143,2380,1,2
99,10,275,49,2167,171,214,143,2235,1,2
295,15,299,39,2439,201,242,103,2500,1,1
98,14,346,35,2616,225,242,167,1732,1,2
138,21,223,56,5143,239,230,137,2185,1,2
342,7,43,9,2752,231,215,162,1441,1,1
23,7,31,144,2901,215,234,117,1778,1,1
27,7,406,33,5245,206,223,140,1128,1,1
142,13,80,27,2536,226,244,96,5977,1,2
126,7,265,112,6258,186,242,179,1705,1,2
40,13,60,65,2320,226,245,145,2377,1,2
255,11,342,80,2078,230,211,134,2176,1,2
136,13,322,56,3930,214,231,150,715,1,2
96,9,214,3,5162,165,232,196,1496,1,2
344,9,226,36,3278,213,227,88,2219,1,1
306,15,81,108,3526,185,216,121,1453,1,2
107,11,97,39,6436,195,239,126,4342,1,2
1,8,318,3,3064,231,235,217,2077,1,1
42,11,199,27,4683,211,235,115,1515,1,2
185,-1,281,35,3722,224,239,108,1387,1,1
281,16,191,132,5399,215,233,208,1336,1,2
183,18,350,2,2114,244,216,140,4554,1,1
188,8,221,-5,2607,193,247,209,2571,1,2
176,20,106,88,2315,225,247,131,2343,1,1
313,10,102,17,2469,223,210,133,1709,1,2
336,21,64,26,5004,199,221,192,1981,1,2
64,20,356,12,2073,227,204,110,2098,1,2
318,10,110,181,2174,209,234,164,2406,1,2
346,12,363,86,5342,227,227,140,1983,1,2
134,4,163,338,5000,232,223,120,2024,1,2
162,1,138,18,2086,178,231,134,1801,1,2
18,17,351,2,2183,222,219,109,1464,1,2
359,7,432,7,3950,217,237,183,1144,1,1
247,12,119,51,2587,190,234,168,1734,1,2
85,6,260,22,2339,240,206,157,1717,1,1
133,18,41,-21,5123,235,231,148,1453,1,2
35,11,351,98,1927,234,233,136,2690,1,2
335,11,192,95,4774,191,200,93,1728,1,2
53,3,227,8,2045,199,223,162,2734,1,2
79,12,37,1,2337,206,211,154,3032,1,2
5,11,148,10,3632,190,233,124,1582,1,2
184,17,54,104,3557,198,233,134,1597,1,2
81,20,475,-17,3320,211,233,131,3378,1,1
130,7,153,-1,2568,180,229,121,1987,1,1
147,7,144,42,1921,231,206,113,2393,1,1
47,4,273,-12,2573,203,224,163,1924,1,1
85,10,30,95,2701,217,236,120,3046,1,1
28,0,302,-42,4566,207,242,203,3618,1,2
324,9,211,1,2320,189,245,137,2431,1,1
46,10,395,99,3616,194,235,128,1518,1,2
50,8,414,45,3558,229,229,136,1638,1,2
227,-2,275,-7,3716,215,247,176,1375,1,2
345,21,66,23,3720,212,230,141,4033,1,1
305,19,145,104,2092,186,225,151,4568,1,2
98,16,36,54,3610,219,236,118,2920,1,2
11,13,37,122,3508,212,227,194,5792,1,2
30,12,40,33,5183,174,220,89,4297,1,1
215,16,178,52,2034,208,202,187,1781,1,2
63,11,527,13,3747,221,217,184,1353,1,2
148,9,284,50,2410,210,246,166,1702,1,1
140,11,102,57,3718,200,242,187,1352,1,1
191,8,274,-4,2527,240,215,179,1854,1,1
53,11,178,79,2357,232,203,165,2611,1,2
38,7,196,96,2519,240,229,170,3954,1,2
90,17,245,184,2820,174,228,165,2437,1,2
68,20,260,2,4490,226,222,132,2073,1,1
299,7,41,53,2394,209,224,155,5072,1,1
301,14,856,2,2608,216,230,91,2366,1,2
297,3,94,93,3167,174,243,174,3527,1,2
11,16,196,103,3816,165,199,165,1539,1,2
133,11,219,18,5931,223,244,103,2018,1,1
68,14,128,88,2375,205,233,183,2438,1,1
229,10,483,14,2233,240,213,131,2405,1,2
57,11,171,29,5395,245,229,142,6413,1,1
93,17,450,-8,2567,204,221,168,1810,1,1
12,15,256,27,6202,222,199,88,1496,1,1
56,14,1167,88,2575,189,233,167,1927,1,2
30,7,367,237,5715,211,240,147,1176,1,2
17,20,282,-4,6295,181,199,105,1575,1,2
38,2,325,69,3831,224,248,152,2419,1,1
320,13,345,-1,2169,197,223,125,2958,1,2
84,5,50,30,2177,239,227,166,4433,1,1
14,14,346,37,2123,215,202,138,2211,1,2
191,11,435,93,2078,188,241,199,2171,1,1
342,5,87,30,3097,236,226,181,2876,1,2
41,17,356,37,2368,187,230,186,1891,1,1
318,3,277,2,3636,215,243,180,1458,1,2
332,7,187,54,4048,226,241,181,1139,1,1
10,12,480,101,2423,173,223,146,2579,1,2
39,2,30,1,3039,211,249,151,3057,1,1
289,1,74,37,2579,218,239,88,1832,1,2
130,5,317,10,1988,224,196,132,3649,1,1
93,27,87,3,2957,237,184,72,2917,1,2
344,17,282,1,2906,215,206,152,2154,1,2
23,16,51,-1,6282,231,215,162,2483,1,2
145,5,64,1,4476,222,235,123,2627,1,1
154,17,431,-5,2116,229,224,157,1933,1,2
262,8,165,54,2116,173,205,153,1700,1,2
81,1,281,14,4046,212,224,148,654,1,1
169,6,89,36,2092,237,251,128,2135,1,2
346,16,539,48,4021,245,236,118,1569,1,1
344,15,67,9,2769,229,201,181,2924,1,1
57,14,899,0,5521,239,217,188,4424,1,2
124,17,71,137,2428,188,225,117,3804,1,2
109,13,305,74,4557,211,215,99,2078,1,1
168,7,483,140,3769,237,242,158,1361,1,2
97,12,126,16,3899,219,236,174,2618,1,2
113,9,265,-8,5934,216,232,145,1133,1,1
354,8,1048,167,5721,229,247,127,2560,1,1
257,16,45,52,3419,191,200,169,1461,1,2
37,2,63,-12,5203,240,223,113,1295,1,1
137,14,49,-4,4211,207,225,138,1511,1,2
45,4,231,4,4143,163,229,175,1546,1,1
41,19,570,94,2574,204,239,165,3299,1,2
319,17,95,48,2936,219,220,190,1978,1,2
332,22,415,24,3834,214,229,160,2427,1,2
297,18,447,29,3271,222,225,220,3019,1,2
314,9,37,15,2963,211,216,134,4847,1,2
57,12,208,134,5022,235,222,121,842,1,1
128,12,233,10,3083,240,214,117,2192,1,2
288,3,545,177,4075,218,228,183,644,1,1
23,10,137,14,2104,207,199,90,3883,1,1
57,18,230,124,4028,224,207,116,1225,1,1
60,14,174,4,5125,219,220,135,725,1,1
109,9,211,-61,1874,238,230,127,1751,1,2
334,17,269,128,2018,207,220,110,1859,1,2
311,11,42,64,3095,237,197,110,3554,1,2
282,11,400,121,4556,235,218,173,1473,1,1
17,11,60,14,2628,236,243,165,4117,1,2
294,10,153,61,6910,205,207,119,1933,1,1
71,15,126,52,5002,216,208,120,506,1,1
342,11,93,-13,2091,231,232,99,4706,1,2
189,15,585,104,2004,205,200,153,2663,1,1
210,14,282,16,2166,229,218,161,2060,1,1
157,14,117,16,3306,195,240,143,3678,1,2
84,19,372,10,3103,212,207,114,1639,1,1
272,6,120,216,2441,174,216,172,2005,1,2
39,15,659,36,3947,216,246,180,1645,1,2
250,15,48,44,2171,223,222,127,2002,1,2
96,8,399,73,2819,234,221,115,2206,1,2
261,15,1073,69,2443,183,216,156,1783,1,2
266,14,387,16,3415,227,233,173,3330,1,2
31,13,182,40,6300,244,208,148,1363,1,1
89,4,314,13,4406,209,232,216,2059,1,1
6,16,33,-8,2709,230,220,132,2572,1,2
83,10,690,100,3757,220,229,165,2490,1,2
79,14,221,8,5409,202,210,137,3251,1,2
41,7,32,5,4275,211,225,102,1467,1,2
137,7,635,10,3717,224,246,125,1438,1,2
75,10,59,129,2683,223,229,161,2297,1,1
116,13,345,62,2674,230,211,85,2108,1,1
48,12,575,145,2599,179,250,158,1737,1,2
340,9,61,-3,4755,217,231,172,563,1,1
35,12,147,55,1894,221,211,119,3519,1,2
335,13,181,12,4023,183,230,157,340,1,2
25,12,122,-43,3518,193,233,143,1697,1,1
87,7,67,117,2060,214,220,160,3593,1,1
101,11,177,1,2612,211,230,175,1802,1,1
308,12,477,60,2444,222,243,123,1895,1,2
66,12,211,112,3254,228,233,192,2233,1,2
348,18,33,85,2939,177,225,139,1681,1,2
298,0,38,31,5351,189,226,118,1460,1,2
194,22,183,7,2913,219,231,100,1903,1,1
85,1,531,37,4099,219,220,140,920,1,1
323,11,222,98,4476,207,235,148,871,1,1
152,13,278,35,5388,212,213,147,717,1,1
45,6,364,3,5088,224,222,147,2959,1,2
80,10,40,47,4098,224,212,154,1415,1,2
296,14,388,-1,2872,212,229,153,6468,1,2
80,16,99,49,4938,201,217,148,868,1,1
201,6,89,-18,2737,235,240,148,1745,1,2
67,5,380,109,3057,199,237,193,2181,1,2
274,11,49,11,2062,193,226,109,4252,1,2
107,21,165,21,5506,233,252,131,1980,1,1
194,9,163,21,3106,237,243,171,3236,1,1
65,12,84,160,2231,222,201,125,2046,1,1
291,17,332,-6,5596,224,228,149,2741,1,2
86,6,308,107,4330,197,220,132,1295,1,2
33,12,1020,218,4258,175,214,134,2310,1,1
14,18,1147,-5,2191,230,229,147,2949,1,2
284,12,300,-26,2356,233,207,180,3795,1,1
340,17,325,0,4427,191,229,170,931,1,1
239,12,415,24,3423,193,226,184,3186,1,2
101,19,453,64,3747,184,214,192,1620,1,2
19,20,146,-2,2941,198,240,148,4308,1,2
307,12,358,-3,2614,192,197,152,2662,1,1
92,15,177,2,3837,219,222,129,757,1,1
84,7,82,144,2581,200,228,135,2924,1,2
48,9,214,52,2007,229,227,168,4511,1,1
100,12,59,6,4276,227,252,119,1371,1,1
