Pclass,Sex,Age,SibSp,Parch,Fare,Embarked,Survived
3,0,35.77981185913086,2,2,28.86079978942871,1.9699314613405123,0
3,1,7.9558024406433105,1,1,15.068413734436035,1.9806386129015863,1
1,0,48.198604583740234,1,0,4.335610866546631,1.9743359867388783,1
2,0,57.819820404052734,0,0,8.080357551574707,1.9828198583255672,0
3,0,27.98082733154297,0,0,5.4688615798950195,1.9802729311827896,0
3,0,30.620840072631836,0,0,57.888824462890625,1.9596791307134227,1
1,0,35.506839752197266,0,0,5.975870609283447,2.8843392513284183,0
2,1,33.4295654296875,0,0,1.9228817224502563,2.0070524261959997,0
2,1,22.0313720703125,1,1,26.974395751953125,1.004326364678398,1
1,1,39.94108200073242,0,0,35.689208984375,1.0002478184153751,0
1,1,24.205875396728516,0,0,41.545372009277344,1.0032694544058622,1
1,1,39.38934326171875,0,0,20.106624603271484,1.0059258378075764,0
3,1,57.9041748046875,0,0,25.357786178588867,2.84796701650542,0
2,1,29.34651756286621,0,0,2.589768409729004,1.9758026740091252,1
1,1,35.64727020263672,0,0,69.17083740234375,1.9811473518175506,1
3,1,54.31222152709961,0,0,22.419389724731445,2.007540841972935,1
3,0,22.34372901916504,1,0,2.394070863723755,1.9546237931231023,1
1,1,29.654903411865234,0,0,27.659696578979492,1.0012497936001707,1
1,1,21.000930786132812,2,1,13.586413383483887,2.88057463725187,1
2,1,44.562721252441406,1,2,117.18882751464844,1.9855638033290044,1
3,0,30.027790069580078,0,0,11.490354537963867,1.0007371703559416,0
2,1,30.453502655029297,1,0,147.13832092285156,1.9756724639471521,0
1,1,22.979053497314453,0,0,9.344367980957031,2.8502657975675287,1
3,1,41.62481689453125,0,0,6.848303318023682,1.9930248088236393,0
2,1,64.8131332397461,1,0,34.77375030517578,1.9994970712528857,1
2,1,24.5263729095459,1,0,8.796652793884277,2.901449877991779,1
2,1,33.27790451049805,1,0,69.70661163330078,2.014832351600743,1
2,0,32.7369270324707,0,0,11.444396018981934,1.0000092296092875,0
3,1,10.827013969421387,1,1,41.09265899658203,1.9536672150700034,1
3,0,31.446971893310547,1,0,17.53395652770996,1.9490969955481965,1
3,0,37.45529556274414,0,0,1.1389918327331543,1.9858926857218366,0
3,0,9.946534156799316,1,0,4.503565311431885,1.0008724114939502,1
1,1,19.61314582824707,1,0,42.81097412109375,1.987139163345491,1
1,0,54.58134460449219,0,0,10.106683731079102,2.9485725420437836,0
2,0,33.69902801513672,5,0,3.468919277191162,1.9523488101125848,0
3,0,32.25422286987305,0,1,13.536866188049316,1.0030025155100355,1
3,1,29.741596221923828,1,0,12.061751365661621,1.9727429599459034,1
3,0,30.194324493408203,0,0,19.31684112548828,2.9335528489937546,0
2,0,20.94369888305664,0,0,2.5806071758270264,1.0034900834284295,0
2,1,22.864839553833008,0,0,0.8440024256706238,1.990841011775303,0
2,1,50.80380630493164,0,0,20.0561466217041,2.929024742874687,1
2,0,24.167770385742188,0,0,11.217077255249023,1.9769102132015464,0
3,0,34.711429595947266,0,0,12.10445785522461,1.9959101586600405,1
1,1,24.688255310058594,0,0,18.10639190673828,2.0175432004610045,1
3,1,14.975520133972168,1,0,7.810102939605713,1.0051794554214555,1
3,0,17.355422973632812,0,0,8.326379776000977,1.9866190464369122,0
3,0,30.041213989257812,0,2,10.330124855041504,1.001298380137537,0
2,1,15.08995532989502,3,0,1.8835957050323486,1.9870476974262852,0
2,0,52.96483612060547,0,0,11.55746078491211,2.932871475482167,1
3,0,29.286659240722656,0,0,8.609658241271973,1.0052594865132998,0
1,1,51.689579010009766,1,1,28.90353775024414,1.9770652436861047,1
1,1,46.288780212402344,0,0,11.637421607971191,1.9531426907336837,1
3,1,13.710556983947754,0,2,13.915513038635254,2.0077654792648274,1
1,1,8.346416473388672,1,1,56.681854248046875,2.0178147042997696,1
3,0,37.63975143432617,0,0,11.999302864074707,1.0006693368131376,0
3,1,27.365522384643555,0,0,2.9990432262420654,2.921574889073236,0
3,0,21.778186798095703,0,0,2.455129861831665,1.0017544826915306,0
3,0,19.076740264892578,0,0,1.5247987508773804,1.002128270631092,0
2,1,53.301849365234375,0,0,7.185372829437256,1.9804401831814284,1
1,0,24.52483558654785,1,2,20.32101058959961,1.003274850916951,1
3,0,39.45562744140625,0,0,102.77677154541016,1.000546958115838,0
1,1,35.83132553100586,1,0,12.636079788208008,2.941182381036752,1
2,0,46.464820861816406,0,0,5.685736656188965,1.951744997004831,0
2,0,16.78186798095703,1,0,12.837930679321289,1.9571575743600993,0
3,0,35.769256591796875,0,0,7.2784199714660645,1.9653630501669885,1
3,1,21.646381378173828,0,0,12.709705352783203,1.0002118405805525,1
3,0,9.173120498657227,0,0,6.671996593475342,1.0030618778354465,0
3,1,11.399396896362305,0,0,1.8730145692825317,1.9741200385043272,0
3,0,31.638364791870117,0,0,1.3984663486480713,1.972958288175329,0
3,1,13.39680004119873,1,1,8.230096817016602,1.9822640461943548,1
1,0,40.489036560058594,1,0,148.60885620117188,1.0025737771830447,1
1,1,19.865209579467773,0,0,15.518471717834473,1.9945326584812832,1
2,1,29.869815826416016,0,2,54.59672927856445,1.9507901576617586,1
1,0,39.932228088378906,0,0,8.512199401855469,2.917463319032309,0
2,0,15.782712936401367,0,2,1.0819025039672852,2.889888319698405,1
2,1,20.048234939575195,1,1,42.2634391784668,1.9828748444685516,1
3,0,19.048181533813477,1,0,49.514530181884766,1.9904319201505287,0
1,1,46.363346099853516,1,0,162.62234497070312,1.9889243119803888,1
3,1,36.66557693481445,0,0,2.1372835636138916,2.922873985616285,1
1,1,35.87898254394531,8,0,107.89794921875,1.0075107388327078,1
3,0,37.80698013305664,0,0,8.100786209106445,1.0066734258795549,0
3,1,32.92534637451172,1,4,23.636404037475586,1.9971717059463214,1
2,0,20.84553337097168,0,0,4.081663608551025,1.9927427893272878,0
2,0,36.66355895996094,4,0,15.170347213745117,2.8462991208824597,1
1,1,46.66672134399414,1,0,60.9113655090332,1.9870652058318994,1
1,1,46.93867492675781,0,0,50.30075454711914,1.0029471594756723,1
3,0,10.659253120422363,1,0,3.7560300827026367,1.9858890139885832,0
2,1,31.736705780029297,0,0,28.714588165283203,1.993869506699091,1
1,1,51.178226470947266,0,0,14.425910949707031,1.9757086466375842,1
3,0,40.0742073059082,0,0,5.067114353179932,1.9783931273088413,0
3,0,58.41987991333008,0,0,13.098382949829102,1.9638778593379729,1
3,0,27.2171688079834,1,0,4.179733753204346,1.0013481350787594,0
3,0,19.24622917175293,0,0,49.854164123535156,1.9758433764470675,1
3,0,6.013391494750977,1,1,7.19482421875,1.0012197528654576,0
2,1,26.692113876342773,0,2,263.4446105957031,1.000575491244963,1
1,1,41.731563568115234,0,0,1.3669673204421997,2.879656854073673,1
1,1,40.66079330444336,0,0,9.092680931091309,2.898689309472982,0
3,0,24.827138900756836,0,0,1.5896598100662231,1.9869573097768634,0
1,1,37.681007385253906,0,0,103.54492950439453,2.909555411374883,1
3,0,29.758262634277344,0,0,7.255715370178223,1.001352685710476,0
2,0,42.3520622253418,0,0,15.444159507751465,1.0033594491712103,1
1,0,35.09952926635742,0,0,1.9499834775924683,2.9333954620377245,0
3,0,7.235384464263916,1,2,8.502808570861816,1.000995423780106,0
3,0,45.70421600341797,0,0,5.772905349731445,2.019710668742102,0
1,1,41.27574157714844,0,0,47.40285110473633,2.002083730952399,1
1,1,45.40900421142578,4,1,11.622901916503906,1.9576337427894073,1
3,0,43.468109130859375,0,0,15.858991622924805,1.0053924533576275,0
3,1,27.837255477905273,1,2,28.903308868408203,1.9651988858388034,1
3,0,20.932546615600586,2,2,20.644399642944336,1.003218674444078,1
3,1,14.921645164489746,0,1,38.40978240966797,1.0108822032148816,1
3,0,32.95553207397461,1,0,18.077396392822266,1.0062963341450233,0
3,0,12.472208976745605,2,0,41.126007080078125,1.0004804321359178,0
3,0,49.054744720458984,0,0,15.367632865905762,2.8825384284881754,0
2,1,54.75922775268555,0,0,19.01139259338379,1.0038887440904227,1
2,1,16.9345703125,1,0,15.852884292602539,1.0008128297997185,1
2,1,21.050458908081055,0,2,0.8229470252990723,1.976260610693506,1
3,0,35.486385345458984,0,0,36.17026138305664,1.0005064178667793,0
3,0,51.92662048339844,0,3,1.7182824611663818,1.9990368822763342,0
1,1,23.401931762695312,1,0,55.433204650878906,1.9693717157709845,1
2,0,40.62788772583008,0,0,9.915535926818848,2.8901731420656813,0
3,1,25.28090476989746,1,1,12.725141525268555,1.006699084806709,1
2,0,19.753746032714844,0,0,3.118565797805786,1.9790608952931457,0
2,0,16.653478622436523,0,0,4.293210029602051,1.945995127875615,0
3,1,13.503190040588379,0,0,2.610243558883667,1.0003830829095905,1
2,0,5.825057029724121,0,0,2.018280029296875,1.9737363092450246,0
3,0,49.984352111816406,0,0,30.24757194519043,1.9902623476254593,1
3,1,14.275531768798828,8,0,8.848459243774414,2.8675694062260404,1
3,0,31.02332305908203,0,0,14.808572769165039,1.9473482486272804,0
3,0,33.39033508300781,0,0,9.240434646606445,1.9664629684630732,0
3,0,17.0214786529541,0,0,1.3013886213302612,2.903528690330771,0
3,1,48.24016571044922,1,0,16.652042388916016,1.9897072818591128,1
3,0,56.52653121948242,0,0,10.557565689086914,1.0067519900770532,0
2,1,33.57099914550781,3,1,65.7665023803711,1.0143770592979193,1
3,1,33.107269287109375,0,0,5.930629730224609,2.889530066402966,0
3,1,26.193029403686523,0,0,45.30882263183594,1.976890823439799,0
1,1,59.803932189941406,0,0,298.546875,2.8623235145079087,1
1,1,28.131973266601562,2,1,8.224889755249023,1.96374442345223,1
3,0,23.535459518432617,0,0,18.332122802734375,1.0008533963103128,1
3,1,5.800915718078613,1,1,3.5473387241363525,1.0008404156377377,0
3,0,42.19478225708008,1,0,75.32083129882812,1.9954668778803368,1
1,1,43.19027328491211,0,0,29.145315170288086,2.9447219913727856,1
2,0,14.469278335571289,0,1,4.4126715660095215,2.832292319576175,0
2,0,11.239354133605957,1,1,1.05205237865448,1.0025981761426845,0
2,0,13.899787902832031,0,2,6.182409286499023,1.0003459043129477,0
3,1,29.960966110229492,1,1,157.49609375,1.9766199339901713,1
3,0,49.85005569458008,0,0,63.73321533203125,1.9831445736549642,1
3,0,22.955312728881836,0,0,0.7697054147720337,1.0029779447952631,1
3,0,31.520761489868164,3,0,7.766297340393066,1.0047620512918582,0
1,1,26.61184310913086,1,2,244.7390899658203,1.9610069256035418,1
3,0,42.58769226074219,2,0,34.23817443847656,2.0024029909106087,1
2,0,40.01415252685547,0,0,21.117406845092773,1.9940415046291753,0
1,1,46.90536880493164,0,0,20.971132278442383,1.9748928636615024,1
3,0,49.31519317626953,1,0,33.651309967041016,1.9851483414885234,1
3,0,34.35765075683594,0,0,8.230432510375977,1.9890892664781497,0
2,1,29.90365219116211,0,0,27.474380493164062,1.9815098728580436,1
2,1,25.10576629638672,1,1,109.39793395996094,1.0000962018360224,1
1,0,15.45485782623291,1,0,4.9265055656433105,1.9460958742157461,1
3,0,51.551177978515625,1,0,35.07347106933594,1.0012697181920625,1
1,1,49.73478698730469,1,0,7.980240821838379,2.913217008409395,1
1,1,37.482784271240234,0,1,79.09223937988281,2.8750952972364856,1
3,0,31.183263778686523,0,0,11.120579719543457,1.0014178123257134,0
3,1,40.006126403808594,1,0,139.31907653808594,1.9953192268046114,1
1,0,30.00551414489746,0,1,7.038992881774902,1.9583391042004439,1
3,0,22.05113410949707,0,1,2.445984125137329,1.0081871487640772,0
3,0,31.947214126586914,0,0,2.2532637119293213,1.0044658235150141,0
2,0,22.828744888305664,0,1,56.9609489440918,1.9535099808715746,0
1,1,34.49434280395508,0,1,67.95475769042969,1.9819950650576046,1
2,0,12.544967651367188,2,0,1.8356369733810425,1.9452270403663023,0
2,0,40.71210861206055,0,0,51.08342361450195,1.9781371775117074,0
1,1,43.83583450317383,0,2,142.704833984375,2.8570911919979114,1
1,1,26.420520782470703,1,0,13.401540756225586,1.941525025703232,1
3,0,42.150779724121094,0,0,8.669557571411133,2.9354842134079795,0
3,0,50.64854049682617,0,0,85.70511627197266,1.9943283016469076,0
3,0,9.698073387145996,4,1,5.210394859313965,1.002429019964381,0
1,0,52.57399368286133,0,4,25.14805793762207,2.8812497949905245,0
3,0,27.182329177856445,0,0,7.968621730804443,1.0054859777202567,0
3,0,24.8762264251709,0,0,10.759843826293945,1.0021015586632558,0
3,0,36.8469123840332,0,0,1.9571597576141357,1.94663198096666,0
1,1,12.903719902038574,1,1,9.669146537780762,1.006022650489628,0
2,1,36.566749572753906,1,0,21.79033851623535,2.012235512922151,1
3,0,41.464866638183594,0,0,11.359807968139648,1.9455317054937094,1
2,1,30.92092514038086,3,0,7.068079471588135,2.009829331435692,1
3,0,21.458324432373047,8,0,30.63656997680664,1.0012820158009241,0
3,1,23.263179779052734,0,0,2.8000171184539795,2.0052175255193596,1
3,0,26.854917526245117,0,1,24.278160095214844,1.006066652630446,1
3,0,13.538599014282227,0,0,9.022429466247559,2.0122272046288274,0
2,0,35.43993377685547,2,2,7.878811836242676,1.9695757289068663,0
3,0,35.44583511352539,0,0,6.0242414474487305,1.9994150969157716,0
1,0,34.46821212768555,1,1,134.95391845703125,2.961719137948712,1
3,0,25.057031631469727,2,2,0.8436512351036072,1.9657918578424394,0
3,0,27.274892807006836,0,0,1.8291172981262207,1.9842534146335096,0
2,0,13.617104530334473,1,2,4.159625053405762,1.9703110886818458,0
3,1,31.581361770629883,0,2,27.182369232177734,1.982449151420299,1
3,1,27.87717628479004,1,1,65.2984619140625,1.9854594313067253,1
2,0,25.19559097290039,0,0,2.237598180770874,1.95205242969135,0
3,0,23.371807098388672,1,0,5.778936386108398,1.9578633760646311,0
1,0,52.906822204589844,1,0,18.354141235351562,1.0064076858697242,1
2,0,20.60584831237793,0,0,1.3485075235366821,2.8973615679730265,0
1,1,41.77455520629883,1,0,91.10873413085938,1.9719838557717269,1
1,0,41.2181282043457,1,0,31.108232498168945,1.9569130317587196,1
1,1,15.612273216247559,1,0,11.555612564086914,1.9808422093311246,1
2,1,38.78230285644531,0,0,8.705728530883789,1.9858445443455839,1
1,0,28.4576416015625,0,0,16.799598693847656,1.977164857842963,0
2,0,51.31967544555664,0,0,32.32376480102539,1.9626119503942567,1
3,0,41.41679382324219,0,0,2.1045780181884766,2.886926646965361,0
3,1,20.561279296875,0,0,4.495870113372803,1.9560417897734252,1
2,1,44.71670150756836,4,2,85.9459457397461,1.9712925365782286,1
3,0,16.64987564086914,1,0,9.402373313903809,1.965448848992242,0
2,0,30.858928680419922,0,0,2.5311827659606934,1.008539165890622,0
1,0,50.389747619628906,0,0,37.334781646728516,2.9026330743294793,1
3,0,13.357233047485352,4,0,8.67199993133545,2.8772936537475426,0
3,0,29.987207412719727,0,0,9.436911582946777,1.0015696952134507,0
3,0,20.757976531982422,0,1,13.220928192138672,1.9895651821879772,0
1,1,21.737646102905273,1,1,18.592361450195312,1.0009697832887845,1
3,0,27.341930389404297,0,0,3.277496814727783,2.944040540293316,1
3,0,19.91089630126953,1,1,7.567439079284668,1.9605576442805714,0
3,0,35.90153884887695,1,0,4.662633895874023,2.93862327526819,0
3,0,22.659141540527344,0,0,23.126785278320312,2.000290906384478,0
2,0,21.793537139892578,0,0,7.378184795379639,2.853429243322335,1
1,0,21.03593635559082,0,0,2.6475448608398438,1.001734311487406,0
3,1,19.809263229370117,1,2,20.415019989013672,2.9120721754223324,0
3,1,26.1117000579834,8,0,1.1851640939712524,1.0009039440216414,0
3,0,15.360954284667969,0,0,22.37787437438965,1.000092536534601,0
3,0,25.846529006958008,8,4,20.607633590698242,1.0067950369545136,1
1,0,63.23377990722656,1,0,8.381056785583496,1.978137714400204,1
3,0,35.48681640625,0,0,5.714991569519043,1.9927684232258012,0
2,0,22.847103118896484,0,0,27.42802619934082,1.0007192881296822,0
1,1,37.89353942871094,0,1,31.25765037536621,2.9245931484379644,1
3,0,31.308095932006836,1,0,4.088778495788574,1.978558450777044,0
2,0,41.6078987121582,0,3,127.44925689697266,2.8510901407515035,1
3,0,23.247175216674805,0,0,5.158236980438232,1.9819152349048834,0
1,1,22.296092987060547,1,1,91.15260314941406,1.0050698336754125,1
3,1,17.925704956054688,0,0,9.417917251586914,1.962223238629995,1
1,1,51.721614837646484,0,1,80.6376953125,1.9864191835165002,0
3,0,24.54327964782715,0,0,8.869927406311035,2.0060424962525576,0
1,1,31.48251724243164,0,0,2.0895538330078125,1.9532268002696092,1
2,1,21.178714752197266,1,0,25.327035903930664,1.959388074249245,1
3,0,29.227907180786133,0,1,7.426250457763672,1.9734173592893778,0
1,0,29.82597541809082,0,0,12.677183151245117,2.9379559122397976,0
3,0,30.596092224121094,0,0,24.967613220214844,1.9895815477399403,1
1,1,37.18562698364258,0,0,138.84384155273438,1.0061948684816096,1
1,1,26.42603874206543,0,0,214.3555450439453,1.0001874964887636,0
2,1,18.571577072143555,1,1,27.30572509765625,1.0013309117320066,1
3,1,20.804948806762695,4,0,3.2960634231567383,1.9851928223634996,1
3,0,42.07867431640625,0,0,1.4373555183410645,1.0022046417558892,0
1,0,44.00794219970703,1,1,80.93566131591797,1.0022027080158524,0
3,0,38.758460998535156,0,0,9.988795280456543,1.0002246035109978,0
3,0,42.69102096557617,1,0,31.97617530822754,1.0062906710324524,1
3,1,39.066986083984375,0,0,8.56600570678711,2.8987479714764386,1
1,0,13.381924629211426,1,2,4.7381367683410645,1.965012026178065,1
3,0,48.41598892211914,0,0,28.248239517211914,1.0082847028655537,1
3,1,47.15278625488281,1,0,14.757331848144531,1.000671435860162,1
3,1,21.07569122314453,1,1,42.68795394897461,1.9787449521377187,1
3,0,18.23676872253418,1,0,2.2896182537078857,2.8795977301103868,0
1,1,18.63047981262207,1,1,3.7988126277923584,1.9674568950858078,1
1,1,38.45912551879883,3,0,2.4486865997314453,1.005644323525011,0
3,0,10.097267150878906,1,2,1.7766391038894653,1.0007866489465267,0
3,0,44.827571868896484,0,0,9.051928520202637,1.9799335154420072,1
3,0,29.270967483520508,0,3,19.832706451416016,1.0084695235808896,0
2,0,41.355674743652344,1,0,28.873046875,1.9841737417284653,1
3,0,12.411025047302246,1,2,5.171704292297363,1.9801438948624042,0
3,0,37.10197067260742,0,0,7.801629066467285,1.9853359267349702,0
1,1,20.492460250854492,0,0,145.55291748046875,1.9667209018273304,0
2,1,30.0068416595459,0,2,103.07638549804688,1.0042926877761544,1
1,0,18.178287506103516,0,2,12.678465843200684,2.850309387269674,0
3,0,48.763816833496094,0,0,58.33408737182617,1.9737455621476065,0
3,1,17.365018844604492,0,2,60.683753967285156,1.9646182420530285,0
3,1,7.429163932800293,1,0,1.735184907913208,1.979796688622434,1
2,0,30.751853942871094,0,2,181.39370727539062,2.007780922109887,1
3,0,24.16013526916504,0,0,7.123978137969971,1.000888050209093,0
3,1,29.854520797729492,1,0,7.509632110595703,1.0009028110239626,0
3,1,29.25379753112793,1,6,37.80617141723633,1.9807100022236563,1
2,1,10.047012329101562,1,2,3.3245394229888916,2.9278570463235134,1
3,1,20.42243766784668,1,0,5.764278411865234,1.9932676034486119,1
3,1,31.294191360473633,0,0,2.249950408935547,2.906070944907931,0
1,1,27.280345916748047,0,0,173.22657775878906,1.0112943461271942,1
3,0,30.9000186920166,0,2,16.456344604492188,1.000385791570096,0
1,1,51.798240661621094,0,0,24.175065994262695,1.960830260085051,1
1,0,24.722917556762695,0,0,19.08208656311035,1.0007980614522436,0
1,1,39.938873291015625,0,2,51.30146026611328,1.9535491939493779,1
1,0,38.20050048828125,1,0,2.009225606918335,1.0038220932509692,0
3,1,14.318121910095215,1,1,10.210113525390625,2.0040015073323008,1
3,1,31.188446044921875,0,0,11.932793617248535,1.9854646822559328,1
1,1,16.14591407775879,0,2,5.245038986206055,1.0051562505410125,0
3,0,37.162811279296875,0,0,31.634220123291016,1.0005517996028543,0
1,1,41.21088790893555,5,1,75.69220733642578,1.973365548426267,1
3,0,30.586360931396484,0,0,17.247426986694336,1.9502116614299698,0
2,1,16.599939346313477,2,2,41.21676254272461,1.9805956393579118,1
3,1,22.724637985229492,0,2,39.321563720703125,1.0001606576683313,0
3,0,31.28010368347168,0,0,3.9262747764587402,1.0057113795424422,0
3,0,8.29244613647461,0,0,8.951186180114746,2.9019916258685523,0
1,1,21.142704010009766,1,3,9.049562454223633,1.0030416822456103,1
1,1,36.828163146972656,0,2,126.90100860595703,1.9484545354542757,1
2,0,46.95161056518555,0,0,3.7187745571136475,1.9785754874396277,0
1,1,21.25812530517578,0,0,19.394420623779297,2.9054214155974445,1
3,1,31.50651741027832,0,1,26.916526794433594,2.002553322497625,1
2,0,50.58085632324219,0,0,28.52389907836914,2.9271552672878043,0
2,0,32.664878845214844,0,0,63.623985290527344,1.9803128608607203,1
1,1,33.82785415649414,0,0,64.26077270507812,1.9815222190470678,1
3,0,18.333911895751953,0,1,18.811176300048828,2.9429545623675497,0
3,0,15.823033332824707,0,0,0.7007676959037781,1.9915405721510628,0
2,1,55.51612854003906,0,0,10.674492835998535,2.887856799635119,1
2,0,33.29771041870117,0,0,4.398624420166016,2.9789619618294,0
2,1,42.167144775390625,2,0,16.735088348388672,1.008138506303709,1
3,0,35.786495208740234,0,0,6.11785364151001,1.9813086441292387,1
3,0,26.066301345825195,1,0,5.142922878265381,2.9215964770766236,0
1,0,17.900434494018555,0,0,35.97749710083008,1.0005282918061496,0
1,1,18.461299896240234,2,1,6.083102226257324,1.9530230522083825,1
2,0,41.55519485473633,1,0,26.099702835083008,1.0002808888109709,0
1,1,19.535322189331055,1,0,9.04023265838623,1.0024313475102131,1
3,0,12.938673973083496,0,0,1.917965292930603,2.9266047973336478,0
3,1,16.824487686157227,1,0,61.447566986083984,1.9571575563889363,1
3,0,39.41935348510742,1,0,39.811805725097656,1.000394315284914,0
3,1,25.754728317260742,1,0,64.851806640625,1.9665988124846665,0
1,1,12.986310958862305,1,2,4.545538902282715,1.9380652353615062,0
1,0,30.14415740966797,1,0,9.084649085998535,1.9987967749018387,0
3,1,25.96470069885254,0,0,7.151522636413574,1.9970624133353558,1
3,1,51.647674560546875,1,0,40.402366638183594,1.975807712673969,1
3,1,12.738822937011719,1,2,77.20133972167969,1.9703060455242114,1
1,1,50.242889404296875,0,0,76.80762481689453,1.985874822385752,1
1,1,18.500560760498047,0,3,7.0762939453125,1.990099424992322,1
2,1,48.110809326171875,2,0,4.126278400421143,1.981637817430273,0
3,0,25.517070770263672,4,0,23.386640548706055,2.9661599125442533,0
2,1,33.35079574584961,4,2,34.912845611572266,1.0055642638268512,0
2,0,38.50878143310547,0,0,201.5557861328125,1.9744907993230847,1
3,0,32.226531982421875,1,0,4.924826145172119,2.9486980658376747,0
2,1,25.1818904876709,0,0,31.006603240966797,2.0030127597741214,1
1,0,23.3271484375,1,1,24.620100021362305,1.9676964147471114,1
1,0,53.45533752441406,0,1,159.87716674804688,1.9768011742928593,0
1,1,46.90476608276367,1,0,114.08895111083984,1.0037882855100038,1
2,0,13.866698265075684,0,0,1.4767026901245117,2.926750107832337,0
3,0,49.339874267578125,0,0,2.796184539794922,1.0029755331890693,1
2,0,20.541765213012695,0,0,1.651115894317627,2.917537260184762,1
3,0,42.697776794433594,0,0,10.728711128234863,1.0005404096143524,0
3,1,41.14206314086914,1,0,22.280094146728516,1.9718671083572834,1
3,0,26.176158905029297,0,0,12.362558364868164,1.9687679655623014,0
3,1,41.25527572631836,0,0,231.749755859375,2.001940380600634,1
1,0,58.77814483642578,0,0,8.718554496765137,2.0149559280571503,1
1,0,45.25090408325195,0,0,1.2212437391281128,1.9729412762230942,1
1,0,12.53178596496582,1,1,3.7007269859313965,1.9738959066513964,0
3,0,34.1376838684082,0,0,3.328127384185791,1.9837987284832481,0
3,0,37.30701446533203,0,3,2.806399345397949,1.951577640548807,0
1,1,34.80251693725586,4,6,40.60430908203125,1.9800953536277734,1
1,1,18.76422119140625,0,0,3.4361374378204346,2.9678123999538806,0
1,0,20.981433868408203,0,0,4.114552021026611,2.8016410918138313,0
2,1,27.09905433654785,1,0,113.68830871582031,1.9753442925384588,1
2,1,22.741043090820312,1,0,8.523756980895996,1.9757243758980552,1
3,0,23.340879440307617,0,0,12.928627014160156,1.9687985457426485,1
1,1,44.44313049316406,0,0,11.063231468200684,1.9902746090130579,1
3,1,33.113067626953125,0,6,8.628011703491211,1.0009666900843648,0
3,1,36.42101287841797,1,6,6.432279586791992,1.9630015989053933,1
2,0,45.999427795410156,0,0,10.313359260559082,1.961813839810652,1
1,1,59.204044342041016,0,0,27.281431198120117,1.9904466705442116,1
2,0,25.784072875976562,0,0,7.837525367736816,1.0024106291516837,1
2,0,32.980281829833984,0,0,4.735250949859619,2.8575736090637136,0
3,1,30.356380462646484,0,0,4.3654913902282715,1.9509933576025118,1
2,0,16.746278762817383,1,0,6.216198444366455,1.9956233347908634,0
3,1,26.911436080932617,0,0,6.401589870452881,1.9827580386478283,1
3,1,19.356319427490234,1,1,14.677766799926758,1.0061684958034343,1
3,0,6.926197052001953,1,1,3.4054629802703857,1.0040947754508416,1
3,0,37.371795654296875,0,0,4.943392753601074,2.8977657483494514,0
3,1,49.21674728393555,1,0,5.694745063781738,1.9594121848108896,1
3,1,38.80636215209961,0,0,11.457496643066406,2.8797276166667003,0
3,1,13.494322776794434,1,0,9.947325706481934,2.934710971944576,1
3,1,22.805845260620117,0,0,4.345306396484375,2.9325817542722183,0
3,0,38.05915069580078,0,0,4.02124547958374,1.001773402721066,0
2,1,42.536865234375,1,0,15.956954956054688,2.9261607815405597,1
3,0,35.92741394042969,0,0,2.4899117946624756,1.9801325213625807,0
3,0,26.824323654174805,0,0,6.504622459411621,1.9648664799748132,0
1,1,31.33493423461914,1,1,35.238800048828125,1.9922819528272673,1
3,0,27.053720474243164,1,0,2.792917251586914,1.9989746838001738,0
3,0,46.70445251464844,0,0,67.7393569946289,2.8928023829892933,1
3,1,44.56684494018555,0,0,9.334566116333008,1.0062538856554097,1
3,0,57.25994110107422,0,0,15.872275352478027,2.8744467194253494,1
3,0,30.181909561157227,3,0,10.552695274353027,1.004876666012358,0
1,0,13.409042358398438,0,0,1.8519285917282104,2.8913801672566906,0
1,0,64.28067779541016,0,0,12.705506324768066,2.961442377469957,0
1,0,22.409099578857422,2,1,22.89737319946289,1.0047157461081588,0
3,0,19.32080078125,1,0,4.724669933319092,1.0035714374451297,0
3,1,16.694658279418945,0,0,9.232525825500488,1.9739620180675144,0
3,0,35.82541275024414,4,0,14.470281600952148,1.0014262119723616,0
3,0,36.25632095336914,8,0,9.249351501464844,1.0009150657380055,0
3,1,11.14829158782959,8,1,89.50164794921875,1.9596287665289387,1
3,0,30.739765167236328,0,0,7.193327903747559,2.9401023982463883,0
3,0,43.85544967651367,0,0,5.095407009124756,2.9742666557708484,0
3,0,40.16936492919922,0,0,13.328755378723145,1.0035090383951863,0
3,0,53.718055725097656,0,0,91.19831085205078,1.9854379254405274,0
1,1,29.66632080078125,0,1,44.36951446533203,1.982135324369323,1
1,0,38.346561431884766,0,0,6.406979560852051,1.98193963637473,0
3,1,36.368675231933594,0,0,59.69517517089844,1.9704868848453234,1
2,0,11.207637786865234,0,0,3.6215288639068604,1.9907254395064442,0
2,1,24.23731803894043,1,2,12.274076461791992,1.000986025960627,0
3,1,53.92176818847656,1,2,107.25471496582031,1.9779639725653038,1
3,1,30.98114013671875,1,0,31.582290649414062,1.9837652088945426,1
3,1,15.563366889953613,1,2,75.23074340820312,1.93938766136666,1
1,1,28.63562774658203,0,2,350.3803405761719,1.997188018707993,1
3,0,14.618306159973145,0,0,3.0384361743927,1.0008793351455751,1
3,1,27.515180587768555,0,5,23.022254943847656,2.900447135574443,1
3,1,38.82549285888672,0,2,88.86164093017578,1.9748244519365123,1
3,0,30.888916015625,0,0,2.483529567718506,1.002561930299512,0
3,1,18.296003341674805,0,1,15.138726234436035,1.9807669079114953,0
3,1,26.38747787475586,0,0,91.94107055664062,1.989446671914757,1
3,0,23.27971076965332,0,0,6.601898670196533,1.005091868041697,0
2,1,48.184974670410156,0,0,64.28917694091797,1.9933862253396026,1
3,1,12.757719993591309,2,1,37.971588134765625,1.9670684618745733,1
1,1,57.73406219482422,2,0,41.660865783691406,1.9835398347849649,1
3,0,24.122812271118164,0,0,6.8421807289123535,1.001329915728097,0
2,1,30.86945915222168,0,0,7.31353759765625,1.0015454588643014,1
3,0,34.26558303833008,3,0,5.620173454284668,1.0005504283755309,0
3,0,25.28480339050293,0,0,49.623958587646484,1.9789919376940774,1
2,0,10.536434173583984,0,0,3.650050640106201,1.9493016152108318,1
3,0,45.251983642578125,0,0,7.959720134735107,1.9598262583790242,1
1,1,15.203964233398438,0,1,47.05747604370117,1.9858679012415774,0
1,1,40.9277229309082,1,2,17.392311096191406,1.992148037897709,1
1,0,30.604637145996094,0,0,6.315505504608154,2.96575935760444,0
2,0,32.379764556884766,0,0,26.70383644104004,1.9787846897488441,1
3,0,28.024232864379883,0,0,2.2429115772247314,1.002809553249706,0
1,1,40.1517333984375,3,2,19.936532974243164,2.865211053030661,0
3,1,38.932220458984375,1,1,34.368812561035156,1.991957117877316,1
3,0,15.888418197631836,1,2,29.28858184814453,1.9715269142405007,0
1,0,23.255815505981445,0,2,6.470527648925781,1.9735133994311818,1
2,1,24.235713958740234,1,2,83.72346496582031,1.9554324909681466,1
3,0,9.490647315979004,0,2,5.467288970947266,1.9703629871543764,0
1,0,22.028690338134766,1,0,28.4952392578125,1.001603422704322,1
3,0,31.929445266723633,0,0,3.7323179244995117,1.0039477898705385,0
3,1,50.092899322509766,0,0,5.2363362312316895,1.003609638834793,0
3,0,30.480382919311523,0,0,1.1591769456863403,1.0130290893780598,1
3,0,31.726211547851562,0,0,3.8129665851593018,2.9220707408961766,0
2,1,43.158294677734375,2,0,45.20171356201172,1.9774120343429291,1
2,1,26.928796768188477,1,0,29.064056396484375,1.0032421651531986,1
2,1,29.62478256225586,0,6,15.980178833007812,1.0069732102186495,1
2,1,8.109671592712402,1,0,1.0038646459579468,2.005764477867182,1
3,0,42.59223556518555,0,0,1.1496645212173462,1.9369420825979764,0
3,0,15.092588424682617,0,1,28.0535945892334,1.9768396471833842,0
3,0,23.392303466796875,1,1,1.536173939704895,1.9666871452439119,1
1,1,14.021753311157227,1,2,47.455116271972656,1.9942158845807638,1
1,1,45.58778762817383,0,0,37.80752944946289,1.9945034556221053,1
2,1,26.741662979125977,0,0,23.560443878173828,1.004395632292292,1
1,1,13.503216743469238,0,0,107.75534057617188,1.9616921458335754,1
1,0,10.75783920288086,1,1,13.947103500366211,1.001219332680888,0
3,0,12.78383731842041,2,0,10.14993953704834,1.9788233895253027,0
2,1,11.923087120056152,0,2,10.462945938110352,2.8950246993571924,0
3,0,5.322566986083984,0,0,2.1201672554016113,1.967519639155247,0
3,1,34.88561248779297,0,0,8.303675651550293,1.0000912460263278,0
3,1,33.0291633605957,8,0,5.395297527313232,2.939871321802589,1
3,1,25.27564811706543,1,0,17.396738052368164,1.9869916796262213,1
2,1,51.69437026977539,0,0,2.829226016998291,1.9953974417990523,0
3,1,25.513689041137695,1,0,6.544091701507568,2.8335354327932882,1
3,0,33.46611404418945,0,0,8.140179634094238,1.9800750810326406,0
3,0,56.61437225341797,0,0,23.07722282409668,1.0018547357519856,1
1,0,40.877845764160156,0,0,2.1882500648498535,1.0053407186014418,0
1,0,35.29927062988281,0,0,12.038223266601562,2.0301194832715628,1
3,1,41.696693420410156,1,0,1.3164739608764648,1.9862508745888336,1
3,0,40.45901107788086,0,0,1.811848521232605,2.9218655514401513,0
1,0,26.546171188354492,1,2,29.46649169921875,1.976977709520418,0
3,0,11.606282234191895,0,1,7.1989006996154785,1.0023490927462895,0
1,1,48.49992752075195,0,0,27.72090721130371,1.978426330155798,1
2,0,26.46690559387207,0,0,3.638996124267578,1.004060637799335,1
1,0,16.78155517578125,0,0,2.3785579204559326,1.0010307828274962,0
3,1,55.42184066772461,1,0,76.4388427734375,1.995113030277717,1
1,1,29.064157485961914,1,0,27.32013702392578,1.006479224168536,1
1,0,18.554115295410156,1,2,10.504140853881836,1.966012948076022,0
1,1,34.08271408081055,1,0,10.823987007141113,1.0111048325692369,1
3,0,41.97079849243164,0,0,3.774993658065796,1.0016857384325246,0
1,1,42.024330139160156,0,0,7.7373785972595215,1.0017128723435156,0
3,1,27.657957077026367,2,2,110.80590057373047,1.9727040209283366,1
3,0,54.141456604003906,0,0,59.91611099243164,1.9432975619512525,1
1,1,19.658849716186523,1,2,171.30404663085938,1.9648088060197533,1
2,0,36.192474365234375,0,2,22.504680633544922,2.9575029676190936,1
3,0,28.947389602661133,0,0,3.433267116546631,2.0092279893628597,0
2,1,13.272464752197266,0,0,0.7096081972122192,1.0026810637627208,0
3,0,23.560258865356445,0,0,20.23709487915039,1.0058445939955343,0
3,0,36.87687301635742,1,0,12.73410415649414,1.9863836326247697,1
1,0,48.77437210083008,0,0,100.13673400878906,1.9797672956620467,0
3,0,36.39476776123047,0,0,12.06031608581543,1.9429690805399962,0
3,0,19.12963104248047,1,0,8.68478012084961,1.0038711226000316,0
3,0,43.71156311035156,0,0,6.369800567626953,1.9723243284415368,1
3,0,17.720733642578125,0,0,5.852943420410156,1.0003076077838373,0
1,1,39.01115798950195,0,1,112.45307922363281,2.0106088519743057,1
2,0,11.322917938232422,1,0,12.466873168945312,1.0008396446740855,0
3,0,22.5682373046875,0,1,3.6257429122924805,1.0036406387017507,0
1,1,43.98512268066406,0,0,26.090801239013672,1.0020375145156892,1
3,0,36.93693161010742,1,0,65.31195831298828,1.0015637754060933,1
3,0,15.831740379333496,1,2,6.65153694152832,1.0017520237207815,0
3,0,40.44232940673828,0,6,50.3083610534668,1.0074964497436028,0
3,0,27.642627716064453,0,0,1.6226400136947632,1.9751234067268562,0
1,1,36.41566848754883,1,1,34.67256546020508,1.003568754547894,1
2,1,35.792667388916016,0,0,63.39268112182617,2.9807386645058447,1
2,0,44.292110443115234,0,0,37.03695297241211,2.8384071508391604,0
1,1,35.93177795410156,1,1,36.43129348754883,1.9660456555927965,1
1,1,12.21566104888916,0,1,4.555448055267334,1.000325120329889,0
2,0,36.982147216796875,0,0,1.8778088092803955,1.004480793997177,0
3,0,43.385128021240234,0,0,9.135845184326172,1.0005130094975612,1
2,1,8.150660514831543,1,1,13.89390754699707,1.9727713453979614,1
3,0,36.52643585205078,0,0,6.367006301879883,1.0005846846509212,0
2,1,31.569416046142578,0,0,14.98272705078125,2.9296756753019704,1
3,1,19.604175567626953,1,1,46.83440017700195,2.914689288176682,1
1,1,50.04750061035156,0,0,21.07131004333496,2.0137074050905,1
1,1,25.53644371032715,5,2,282.9731140136719,1.9781716046441475,1
3,0,37.60223388671875,0,0,3.47621750831604,1.0038581766008905,0
3,0,29.714496612548828,0,0,7.601090908050537,1.9991587354666835,0
3,0,30.88332748413086,0,0,3.5717685222625732,1.9945712692443245,0
2,0,37.76716995239258,0,0,21.820005416870117,1.0027986877738275,1
3,0,32.443180084228516,1,1,21.863079071044922,1.971004737387356,1
2,0,54.32890319824219,0,0,30.945255279541016,1.9514807939510603,0
3,0,36.15200424194336,0,0,1.2680726051330566,2.955170871151725,0
3,0,12.776105880737305,0,0,1.038967251777649,1.9734385517834199,1
1,0,60.6107063293457,0,0,4.678436756134033,1.0045969841753353,1
3,1,43.492122650146484,0,0,123.33360290527344,1.9748645837900274,1
3,1,12.327129364013672,1,1,7.911410331726074,1.9998109878788777,1
1,1,44.78990173339844,1,0,16.248584747314453,1.001589720513642,1
3,0,24.580347061157227,0,0,6.8034443855285645,1.9876476832379055,0
2,0,42.57639694213867,0,0,22.189537048339844,1.0137398615908562,1
1,1,17.983299255371094,2,0,8.481158256530762,2.0081063517930153,1
1,0,42.095367431640625,0,0,13.045003890991211,1.0001922047483132,0
2,0,25.484233856201172,1,0,5.055983543395996,1.0004795711327146,0
3,0,55.60490036010742,0,0,31.277271270751953,1.9711023792090683,0
3,0,3.3656389713287354,4,0,13.705279350280762,1.9723138422678896,0
2,1,37.18449401855469,0,0,1.76637864112854,1.0025417208754739,0
2,1,14.72824478149414,1,0,31.031461715698242,1.9857425366544452,1
3,1,36.742740631103516,0,0,29.890575408935547,1.9839436063838736,1
3,1,28.182313919067383,1,0,2.2612340450286865,1.9812844639293374,1
3,1,6.744209289550781,1,2,32.47727584838867,1.9581926414678759,1
3,0,37.74354934692383,0,0,2.506340742111206,1.9936406150151431,0
2,0,14.766234397888184,0,0,3.6232237815856934,1.9579512056313106,0
3,0,27.83733558654785,0,0,18.150976181030273,1.0006918054326717,1
1,1,25.791847229003906,1,1,17.73846435546875,2.8736606913275535,1
3,1,51.72453689575195,0,0,33.45594787597656,1.9915762839408626,1
3,0,49.971988677978516,0,0,6.159491062164307,2.921129332264895,0
1,1,32.073577880859375,0,0,75.06251525878906,1.0006896332285122,1
3,0,24.63376235961914,0,0,2.265005350112915,2.9862093522549404,1
3,1,20.757030487060547,0,0,34.20198440551758,2.005343009165447,0
3,0,29.072242736816406,0,2,3.5063271522521973,2.0030855497237123,1
1,1,14.624351501464844,0,0,17.900754928588867,1.9818007754441376,1
3,0,39.124778747558594,0,0,5.920461177825928,1.9979465426101621,0
2,0,21.934864044189453,1,0,4.8126630783081055,2.0062177454187595,1
2,1,14.947330474853516,0,1,8.094022750854492,1.957523813184951,1
3,1,28.131446838378906,0,0,16.3033390045166,2.005787421426425,1
3,0,26.72093963623047,0,1,3.8053321838378906,1.0013179013686553,0
1,0,18.94570541381836,2,1,5.51721715927124,1.0024730706421445,0
3,1,22.909364700317383,0,0,21.13785171508789,1.0019519918319286,1
3,0,57.62481689453125,0,0,31.28453826904297,1.9928833314040248,0
3,0,13.934622764587402,0,0,6.195952415466309,1.0007275773958135,0
2,1,51.77531814575195,0,0,5.294051170349121,1.9829022212890826,1
2,1,41.47513198852539,2,0,53.183101654052734,1.9544904605715472,1
1,0,8.265959739685059,0,1,4.217996597290039,1.9727546906225928,0
3,0,19.033124923706055,0,0,15.130602836608887,1.9524254750942116,1
1,1,21.269075393676758,0,0,30.733692169189453,1.9744002606035733,1
3,1,37.56468963623047,0,0,46.77004623413086,1.0024617598925507,1
1,0,15.381967544555664,8,0,17.754878997802734,1.0074544673962464,0
1,1,52.95394515991211,0,0,44.92802429199219,1.9884166474030163,1
2,0,24.103670120239258,0,0,1.324108362197876,1.9641645285919678,0
2,0,60.84097671508789,0,0,78.51447296142578,1.0021206408343257,0
3,1,54.63629150390625,0,0,30.58526611328125,2.0079469711637983,1
1,0,26.283920288085938,0,0,35.78865432739258,1.9845278073367372,1
1,1,38.24958419799805,1,0,146.6587677001953,1.971843871643443,1
3,1,47.02643966674805,0,1,5.092108726501465,2.8414020984697927,0
3,0,34.771461486816406,1,1,61.05360794067383,1.9712096333566236,0
3,0,19.359237670898438,0,0,9.309632301330566,1.0057106718878488,0
3,1,56.8603515625,0,0,291.4905090332031,1.0001233144095154,1
1,0,52.984703063964844,0,0,3.0532467365264893,1.0043380412136662,0
3,0,29.90362548828125,0,0,29.626291275024414,1.9936702842821625,0
3,1,45.54910659790039,0,0,95.34304809570312,2.9459587836693917,1
2,1,53.66590118408203,0,0,68.96133422851562,1.981326836562247,0
3,0,49.939002990722656,0,0,8.853055000305176,1.9817634718024095,0
2,1,33.231807708740234,0,0,4.234914302825928,2.0057360665815773,0
3,1,9.866610527038574,0,0,0.9460119605064392,1.0005866017430205,1
1,1,23.543201446533203,0,2,84.66429901123047,2.9253234345321233,1
1,1,18.935131072998047,2,1,71.1561050415039,1.000007942794043,1
2,0,9.75058650970459,1,0,5.78892183303833,1.9815491095229987,0
2,1,6.529995441436768,2,1,4.60693359375,1.0019866477970463,1
3,0,42.80499267578125,0,0,7.228903770446777,1.9965492397541063,0
2,0,52.68584442138672,0,0,162.7047119140625,1.9627491063107536,1
2,1,29.464296340942383,0,0,18.788089752197266,2.8237617555700014,1
1,0,27.256423950195312,0,0,6.802894592285156,2.0036050241632117,1
3,0,16.070186614990234,2,0,3.9535293579101562,1.9952987351947036,0
2,1,47.96405792236328,0,0,8.34822940826416,2.9672473556411214,1
2,1,30.006996154785156,0,0,88.74248504638672,1.98031410648696,0
1,0,19.799026489257812,0,0,7.77524471282959,2.9287681517689474,0
1,1,45.493446350097656,0,1,34.74300003051758,1.9823697952570036,1
2,0,47.13200759887695,1,0,33.49721908569336,1.0035137349894556,1
2,1,32.0301513671875,2,0,243.5227508544922,1.9789185030290113,1
1,1,35.22042465209961,8,2,100.70927429199219,1.016605825177466,0
1,0,24.13938331604004,0,0,5.833139896392822,2.823761190186329,0
1,0,27.69029998779297,0,0,10.992369651794434,1.972984685567473,0
1,1,28.443662643432617,1,0,64.9205322265625,1.9788696338206546,1
2,0,43.08391571044922,0,0,4.368499279022217,2.933826487796197,0
3,0,31.65504264831543,0,0,6.602417945861816,1.980646079919839,0
1,1,17.309730529785156,0,0,28.93613624572754,1.0060148911437687,1
3,0,32.78017044067383,0,0,3.5794334411621094,1.9815277519188959,0
3,0,37.002784729003906,0,0,1.0723901987075806,1.0041145114638046,0
3,0,26.39226531982422,1,0,73.56376647949219,1.0019741410924314,0
2,0,14.799601554870605,0,2,17.572799682617188,1.964212423987926,1
3,0,17.886005401611328,0,1,53.07353210449219,1.9850658695748318,0
3,0,29.91106605529785,0,1,7.13903284072876,1.0067308875263266,0
1,0,50.63280487060547,1,0,91.37882232666016,1.9798671984807117,0
3,1,14.72337818145752,1,2,3.4439244270324707,1.0027351109409077,1
2,0,39.489906311035156,0,0,2.2164969444274902,1.9473018695482056,0
2,0,27.271236419677734,0,0,1.2214269638061523,1.9963151949795497,0
1,0,36.199241638183594,0,0,7.992806911468506,2.9291833019675986,0
3,1,26.553434371948242,0,0,5.397236347198486,2.7648251687065795,1
1,1,20.172365188598633,3,1,22.40543556213379,2.928337660366995,1
2,1,37.72798538208008,0,0,9.678705215454102,1.0029726453580647,0
3,0,39.54122543334961,0,0,15.7622652053833,1.9554327874923372,0
2,0,38.648067474365234,1,1,19.52828025817871,1.991247721378573,1
3,1,18.587039947509766,1,0,4.898869514465332,1.9515052527039891,1
2,0,15.123879432678223,0,2,1.6458330154418945,1.9348690595179607,1
1,0,49.22428894042969,1,0,35.674259185791016,1.9819194502658195,0
2,0,34.86104202270508,0,0,3.4348549842834473,1.0004026438847293,0
3,1,19.305578231811523,0,0,10.68287467956543,1.9451157000255455,1
1,0,30.028032302856445,4,2,26.027681350708008,1.9716617855728933,1
3,0,40.926883697509766,4,0,59.52567672729492,2.933893454734205,0
1,1,44.917686462402344,2,0,12.88784408569336,1.9602678750009481,1
1,1,14.253878593444824,1,1,39.838802337646484,1.0006514827205741,1
1,1,44.6641845703125,0,0,4.081907749176025,2.8984345351794083,1
3,0,41.79783630371094,0,0,14.460968017578125,1.000492534922874,1
1,1,6.314906597137451,0,1,10.299846649169922,1.972120304073678,0
1,1,26.344697952270508,0,0,7.061544418334961,2.855551852211158,1
1,0,45.72794723510742,0,0,27.499895095825195,1.014890641143154,0
3,1,28.544963836669922,1,0,61.040767669677734,1.0000802389257395,1
3,1,25.642417907714844,1,0,8.28307819366455,1.9594270739194872,0
2,0,35.16237258911133,1,0,8.596450805664062,1.0056496499271788,0
3,0,39.226200103759766,0,0,4.918596267700195,1.0017882769500113,0
1,0,24.151273727416992,0,2,37.45709991455078,1.9790132245367256,1
1,0,7.585400104522705,1,1,23.083406448364258,1.0010059302115526,1
3,0,15.86735725402832,0,0,10.652963638305664,1.9346422814112687,0
1,1,33.38623046875,0,0,45.07316970825195,1.0034313928824783,1
1,1,55.4443244934082,1,0,53.14615249633789,1.0012302498005452,1
1,1,21.188196182250977,0,2,41.3366813659668,1.96213021539719,0
1,0,36.17609786987305,0,0,1.5725895166397095,1.961445709520888,0
3,1,13.84292984008789,0,1,3.0739967823028564,1.0126729032327375,1
3,0,25.461139678955078,0,0,2.368908166885376,1.970156249140895,0
1,0,58.39140319824219,0,0,20.093265533447266,1.0029421001439423,0
2,1,28.405622482299805,1,2,51.11764144897461,1.9913460503164728,1
1,1,19.786609649658203,1,0,1.488948106765747,2.9605784626001173,1
3,0,48.777801513671875,0,0,4.876546859741211,1.9700336925479915,0
1,0,19.866586685180664,0,1,241.86009216308594,1.963642785293132,1
1,1,47.89181137084961,1,0,106.24869537353516,1.9705428942214047,1
2,0,10.013189315795898,0,0,5.745100975036621,2.889460317363595,0
1,0,47.730560302734375,0,0,23.578994750976562,1.9814548990702339,0
1,0,52.577362060546875,1,0,120.59424591064453,1.9790673098751614,0
2,0,44.00749588012695,0,0,4.649701118469238,2.0078605837829544,0
2,1,31.852703094482422,0,1,7.817172527313232,1.9719603494904405,1
3,0,47.20158004760742,0,0,19.68560791015625,1.0044368246832782,0
3,0,33.74458694458008,0,0,1.7273367643356323,2.9332292151058557,0
1,1,36.60663604736328,0,1,27.241107940673828,1.0039042545754113,1
1,0,22.52191925048828,0,0,16.1130313873291,2.0107328720938016,0
1,1,53.15764617919922,0,2,36.559139251708984,2.988343972099337,1
3,1,17.5902042388916,0,0,11.032083511352539,1.9807271601915908,0
2,0,36.52103042602539,0,0,3.1186881065368652,1.0000623027072577,0
1,0,48.60081481933594,0,0,48.186344146728516,2.931174245410017,0
3,1,7.8300089836120605,1,1,57.39619827270508,1.0007538764405706,1
3,1,31.535165786743164,0,1,11.149392127990723,1.9727938250765578,1
3,1,31.157936096191406,0,0,7.766160011291504,1.9573978937381593,1
3,0,41.41450500488281,5,0,19.69689178466797,1.002905945747188,0
2,1,20.475269317626953,1,0,9.927995681762695,1.995846949727157,1
1,1,43.35743713378906,1,2,16.34728240966797,1.009200234395638,1
3,1,36.44061279296875,0,1,11.577141761779785,1.970561599955758,0
2,1,18.924448013305664,1,0,26.698644638061523,2.001135124233316,1
3,0,47.348167419433594,0,0,10.074207305908203,1.9952622222929255,0
3,0,44.511295318603516,4,0,12.393050193786621,1.0077615721383908,0
1,1,13.946893692016602,0,0,6.560078144073486,1.9868116624858192,1
1,0,17.372774124145508,0,1,5.758537292480469,1.0007578869522222,1
2,0,54.888633728027344,0,0,20.604808807373047,1.0009561048683115,0
2,1,42.55678939819336,0,0,8.833953857421875,1.9647290028237767,1
1,1,23.53907585144043,3,2,70.48967742919922,1.0030159979948328,1
2,1,43.725563049316406,4,5,155.1318817138672,1.9799253340700227,1
3,1,46.742733001708984,0,0,2.705550193786621,1.0012030189329029,1
2,0,47.155853271484375,0,0,18.93276023864746,1.9885612029459043,0
1,1,50.35441970825195,1,1,229.2892608642578,1.9959817465424023,1
3,0,41.006832122802734,0,0,8.960622787475586,1.0036677837504464,0
3,1,25.247753143310547,0,0,3.932137966156006,1.9828669865775022,0
2,0,26.853919982910156,0,0,4.952370643615723,2.010094170219356,0
2,0,29.120351791381836,0,0,3.239966630935669,2.875165087645393,0
1,1,20.1939640045166,1,1,72.73442077636719,1.9774685862234953,1
3,0,21.84576988220215,1,0,63.62172317504883,1.964506663594361,0
3,0,32.443031311035156,0,1,57.91529846191406,1.0115905443598106,1
1,0,24.30984878540039,0,0,12.640629768371582,2.0024762868607597,1
3,0,19.996932983398438,0,0,1.6722935438156128,2.013171983490178,1
3,0,44.290260314941406,0,0,13.22838020324707,1.9494507354291377,0
1,0,29.66130828857422,0,0,0.9446377754211426,2.87268305332425,0
3,0,19.393630981445312,0,1,5.316938877105713,1.0000161249037298,0
2,0,60.56844711303711,0,0,49.81112289428711,1.0005043507087623,1
2,0,50.79789352416992,0,0,51.03548049926758,1.0019207511560686,0
1,1,36.3870964050293,0,0,49.637229919433594,1.973152417171526,1
1,1,18.413015365600586,1,5,4.5624871253967285,1.9661142178262774,1
2,0,24.459331512451172,0,0,11.80400276184082,1.9750981010828679,0
1,1,36.40184783935547,1,0,3.043062686920166,1.9731440897838417,1
1,1,35.66643524169922,0,0,301.0594177246094,1.95738915526012,1
1,1,28.931013107299805,1,0,30.034162521362305,1.9744282214869038,1
2,1,55.295188903808594,1,0,26.303661346435547,1.9939917975153407,0
3,0,31.70673179626465,0,2,11.481987953186035,1.9722885523486693,0
3,1,47.81452178955078,0,0,14.165688514709473,2.9795383592790015,0
2,1,22.857425689697266,1,2,58.271636962890625,1.0046144216004989,1
1,1,29.94678497314453,4,0,16.319782257080078,2.9283406320787355,1
3,1,28.373926162719727,0,0,3.961331605911255,1.9648894336428353,1
3,1,34.978389739990234,0,0,6.16359806060791,1.9586419340228232,0
2,1,44.416622161865234,4,0,38.287254333496094,1.9723038907363435,1
3,0,35.3817024230957,0,0,14.686210632324219,1.989682652380135,0
2,0,37.84807205200195,1,0,14.778997421264648,1.9873608724610015,1
1,0,38.128936767578125,0,0,23.722915649414062,2.004955757558184,1
3,0,36.57666015625,0,0,3.438122510910034,1.0104001089508374,0
3,0,27.682926177978516,4,3,5.570000648498535,1.003839520124623,0
1,1,32.4859733581543,1,2,76.7413330078125,1.0008079939255192,1
2,1,10.547760963439941,4,1,15.80762767791748,1.0017743725220594,1
2,0,30.585830688476562,0,2,2.2384684085845947,1.9924932364218058,0
1,1,29.83254051208496,0,0,1.9340736865997314,1.9562737929957779,1
2,1,41.88536071777344,0,4,11.267723083496094,1.9719093158801322,1
3,1,41.34750747680664,0,0,5.259651184082031,1.9705639204821885,1
1,1,43.2312126159668,1,5,65.4532241821289,1.9601775227322535,1
3,0,17.048301696777344,0,0,4.707187652587891,1.0084150041640179,0
3,0,40.97011947631836,0,0,4.149257659912109,1.9748705479697688,0
3,0,26.32008934020996,0,0,10.165666580200195,1.982803398986597,0
3,0,10.59805965423584,0,0,0.8601871728897095,1.0058802998358813,0
2,0,51.591182708740234,0,0,7.522335529327393,1.956549991800893,0
3,1,6.317427635192871,0,2,12.097755432128906,1.9909335335003386,0
3,0,23.310794830322266,0,0,4.702759742736816,1.9929313559677175,0
3,0,15.731058120727539,0,0,1.1951955556869507,1.0029287747594027,0
1,1,41.63812255859375,0,0,11.24216365814209,1.9805983103220222,1
3,1,60.014217376708984,0,1,179.48170471191406,1.0065675726638712,1
3,0,32.9544677734375,1,0,2.289297580718994,1.9509431731296585,0
3,0,47.34037399291992,0,0,5.128509044647217,1.968614325596485,0
1,1,20.601804733276367,0,2,76.13370513916016,1.9711906895043598,1
3,0,35.78355407714844,0,0,3.3885910511016846,1.0001356871099554,0
1,0,32.51783752441406,0,0,8.242067337036133,1.0006304828748738,0
3,0,43.91930389404297,0,0,29.021289825439453,1.0000851534673065,0
1,1,34.06114959716797,1,2,151.54714965820312,1.9814698645562747,1
1,1,43.132843017578125,0,1,6.522135257720947,1.990680414722986,1
1,0,39.864810943603516,0,0,1.7493236064910889,1.0027349404754045,1
1,1,44.26152038574219,0,0,197.38751220703125,1.962825939772034,1
1,1,42.098899841308594,0,0,28.448869705200195,1.0032180481533495,1
2,0,51.058837890625,0,0,3.1104888916015625,2.9048095394605444,0
1,1,44.64404296875,0,0,10.30025863647461,1.0053390941378821,0
2,0,36.452606201171875,0,0,4.430336952209473,2.8510651673410052,0
3,0,32.50836944580078,1,0,5.6390604972839355,1.0017756986123685,1
3,1,11.234498977661133,0,0,11.454061508178711,1.9722371098944014,1
3,0,18.604562759399414,0,1,1.2901203632354736,1.0056772526769235,1
1,1,38.86712646484375,0,0,18.17899513244629,1.0028939045986351,1
3,1,27.19931411743164,0,0,1.4894367456436157,2.869030695486333,0
1,0,45.45077896118164,0,0,3.797285795211792,1.002820338065154,0
1,0,18.81264877319336,0,0,11.646995544433594,2.856524381076643,1
2,1,25.992813110351562,0,0,8.045331001281738,2.7812863419036042,1
3,1,19.09942626953125,1,0,2.2304983139038086,1.0053894224950453,1
3,0,30.23360824584961,0,0,5.26832389831543,1.0028839188841994,0
1,1,60.35309600830078,0,0,73.31412506103516,2.9647615084276517,1
3,1,37.264190673828125,1,0,25.132909774780273,1.0029734817410783,1
3,0,26.38292694091797,1,0,10.246345520019531,1.9788737278762398,0
3,0,12.878713607788086,0,0,2.7292470932006836,2.9957802928909993,0
2,0,32.008907318115234,1,1,8.544232368469238,1.0006692280153473,1
3,1,19.647579193115234,0,0,11.293420791625977,1.9677880070260574,0
3,0,7.694366455078125,2,2,20.35970115661621,1.0018210131265328,0
3,1,13.75683307647705,0,2,58.82701873779297,1.0052112431344813,1
2,1,20.603242874145508,0,2,7.616955280303955,1.0003108004069274,1
3,1,6.298271656036377,1,0,1.6384429931640625,1.0045213661938626,1
3,0,41.281795501708984,1,0,15.800283432006836,2.8850785939037173,0
1,1,41.696414947509766,2,0,18.463294982910156,1.9758008050081666,1
3,0,24.473745346069336,0,0,11.914363861083984,1.0020567918896912,0
2,1,23.967647552490234,0,1,28.17547035217285,2.93524578352898,1
3,1,22.5356502532959,1,0,6.392245292663574,1.0015905233076825,1
3,0,34.823768615722656,0,0,3.3311352729797363,2.8595326496981874,0
3,1,26.24948501586914,1,0,9.37208080291748,1.960756733317774,0
2,1,23.084430694580078,0,1,18.760009765625,1.0032046601631848,1
1,1,31.38827896118164,0,1,15.861724853515625,1.9899379973353122,0
3,1,12.562047958374023,1,1,14.642160415649414,1.9597268396585643,0
3,0,19.80057144165039,1,0,26.40138053894043,1.0010957007573167,0
1,0,9.89688491821289,1,2,5.256551742553711,1.006885484496873,1
2,1,40.84362030029297,1,0,35.93031692504883,1.9726220387288385,1
2,0,39.676612854003906,0,0,7.774802207946777,1.9725304936241956,0
2,0,44.79352569580078,1,0,19.156444549560547,1.9490733230336517,0
2,1,23.384531021118164,1,1,21.73883819580078,1.9351437891804957,1
1,0,41.07319259643555,0,1,9.750467300415039,1.9952399245723549,0
2,0,29.391515731811523,0,0,1.5717344284057617,1.941104361211044,0
1,1,29.55917739868164,0,0,72.10074615478516,1.9775070153093102,1
1,0,23.393098831176758,0,1,100.8590316772461,1.9425668679394832,0
3,0,17.99903678894043,0,0,24.773441314697266,1.0144265229002314,0
3,0,27.075593948364258,0,0,9.583749771118164,1.0052849508237167,0
3,0,42.87723159790039,0,0,3.7349441051483154,1.9659476498550326,0
3,0,33.365150451660156,4,0,7.320438861846924,2.926570374431408,0
3,0,23.214292526245117,0,1,7.193282127380371,1.961240047530795,1
2,0,24.709238052368164,0,0,2.0379459857940674,2.872159514938676,0
2,0,20.54823112487793,1,0,22.470355987548828,1.9657016987637477,0
3,0,15.269848823547363,4,0,0.8289017677307129,1.9949721365699027,0
3,0,41.54779052734375,0,0,71.3945541381836,1.0010270424638061,0
3,1,21.30565071105957,1,0,6.733162879943848,2.8934688600201013,0
1,1,34.00379180908203,1,0,258.3694152832031,1.001795004944403,1
3,1,38.45245361328125,0,3,42.117366790771484,1.0092980895668622,1
3,0,15.68017578125,0,0,4.661320686340332,1.967630581884021,1
3,0,26.484840393066406,0,0,5.238687515258789,1.002557478031315,0
3,1,17.36379623413086,2,0,8.15847110748291,1.9868741875317084,0
1,1,10.241958618164062,1,0,2.194830894470215,1.9882494105675461,1
1,1,10.130587577819824,0,0,5.603255748748779,2.9242666393672443,1
3,0,17.660078048706055,1,0,3.04978084564209,1.0091895890945983,0
1,0,39.41957092285156,0,0,3.472827911376953,1.9855265165352418,0
3,0,17.674589157104492,2,3,5.92288875579834,1.9695556798280742,1
3,0,36.20539093017578,0,0,9.385929107666016,1.0043175295474909,0
2,1,46.959285736083984,0,1,19.62543487548828,2.9318224474478587,1
2,1,35.78312683105469,1,0,124.28874206542969,2.0095320097747917,1
1,0,36.455257415771484,0,0,7.917807579040527,1.0035153156056298,0
3,1,15.376118659973145,0,0,3.740135431289673,1.0007965964337215,0
3,1,34.70991516113281,0,0,37.468841552734375,1.0021850253267044,0
3,0,39.57999038696289,0,0,50.688594818115234,2.0047557323357057,0
3,0,37.485721588134766,0,0,12.286200523376465,1.0042224630230787,1
3,0,5.139618873596191,2,4,0.5258200764656067,1.9838980169127758,0
3,0,37.99643325805664,0,0,4.0444231033325195,1.9698985583873392,0
3,0,19.825252532958984,0,1,3.4561851024627686,1.0025265993894814,0
3,0,16.44407844543457,0,0,17.700475692749023,1.9920125788521246,1
3,1,20.837892532348633,0,0,0.8239852786064148,2.0023134703698044,0
2,0,42.81943893432617,0,0,14.083391189575195,1.0005982787399175,0
2,0,54.677330017089844,0,0,51.323509216308594,1.003396901638153,1
3,0,33.28292465209961,0,0,15.577056884765625,1.9777570200210635,0
1,1,10.955916404724121,0,1,8.547163963317871,1.9727461296097886,1
2,1,25.162578582763672,0,1,4.376408576965332,1.993031915857032,1
3,0,41.94049072265625,0,0,11.749402046203613,2.973848083320343,0
3,0,13.09618091583252,0,0,18.820276260375977,1.0014618756652887,0
2,0,47.63093566894531,4,0,8.442635536193848,1.9796239352015024,1
2,0,50.436187744140625,0,0,56.17003631591797,2.850869310163033,0
2,0,47.768470764160156,0,0,30.59540557861328,1.9924541438069547,1
3,0,7.353915691375732,0,1,0.6025295257568359,1.9731841070711924,1
3,1,11.38538932800293,1,0,17.91687774658203,1.002712166331041,1
1,1,22.708086013793945,2,1,97.2591552734375,1.9907515813711136,1
3,1,12.21738338470459,1,2,16.003555297851562,2.9099419752234716,1
2,1,59.235145568847656,2,0,38.742286682128906,1.994765347626426,1
2,1,39.77290344238281,0,0,3.7607784271240234,1.9907687036775212,1
2,1,11.738368034362793,1,1,124.0129165649414,1.9558702100940812,1
1,1,15.007044792175293,1,0,8.43657398223877,1.9832454514092253,1
3,0,25.078895568847656,1,0,37.00415802001953,1.0072851841308688,1
3,0,40.63020324707031,0,0,4.9355902671813965,2.82865342752255,1
2,1,42.71465301513672,0,0,11.148536682128906,1.0086752953741664,0
2,1,36.81425857543945,1,0,5.935317516326904,1.0005077872182786,0
3,0,32.286094665527344,0,0,0.7986088991165161,2.866067202493661,0
2,1,50.43194580078125,0,0,4.124949932098389,1.9915750711681552,0
3,0,10.224913597106934,8,1,3.1814115047454834,1.9739337494280162,0
1,1,27.570789337158203,0,0,1.264163851737976,1.9617986833810037,0
3,0,9.56218147277832,0,0,2.4621381759643555,1.0026171831635566,1
2,0,40.843990325927734,0,0,34.618408203125,2.945056732981367,1
3,0,18.25225830078125,1,1,4.0956950187683105,2.858135579749154,0
1,1,10.548925399780273,0,0,18.382905960083008,1.0075714812956063,1
2,1,19.93397331237793,0,2,55.637542724609375,1.97052018990327,1
1,1,23.597043991088867,2,1,37.40074157714844,1.967313977165154,1
1,1,34.27306365966797,1,0,104.3940658569336,1.9856953207930903,1
3,0,37.96580505371094,0,0,20.09900665283203,1.9457546242931336,0
3,0,31.396713256835938,0,0,6.096523284912109,1.9887999565863823,0
1,1,10.024125099182129,0,1,7.78045129776001,1.9956269200378944,1
3,1,19.925418853759766,0,0,1.963328242301941,2.9128033199343846,0
3,1,22.282371520996094,1,0,8.209896087646484,1.976587756622707,1
1,1,47.670040130615234,1,0,35.8621711730957,2.0033983249000507,1
3,0,20.707298278808594,0,0,4.129103183746338,2.858431951112174,0
2,0,45.769134521484375,0,0,4.6518235206604,2.004166548316284,0
1,0,18.018945693969727,1,0,49.64359664916992,1.97697123765532,0
3,1,41.193843841552734,0,2,6.014897346496582,1.0024162555684482,1
3,1,36.58223342895508,1,0,172.78012084960938,1.002175148644537,1
2,1,18.04400634765625,1,1,9.01557445526123,2.883568888495297,1
2,0,31.176815032958984,0,0,3.051842212677002,1.9929142755004239,0
1,1,26.201316833496094,0,0,30.146631240844727,1.9945374837385657,1
2,1,17.406923294067383,1,2,30.65168571472168,1.9926007750191765,1
3,0,22.974143981933594,0,0,10.97331428527832,2.9409462712992855,0
3,1,29.45975685119629,1,0,22.206378936767578,1.9842101636600056,1
3,0,40.39134216308594,0,0,50.44180679321289,1.0143673406539215,0
3,0,29.439847946166992,0,0,2.0195624828338623,1.9599334204243688,0
3,0,8.530450820922852,0,6,9.886571884155273,1.0034345728730665,0
3,0,32.03469467163086,0,0,3.2815582752227783,1.9988648858906468,0
3,0,22.87111473083496,0,0,5.6824235916137695,2.8691990419222044,0
3,0,16.79749870300293,1,0,11.398162841796875,1.9769074287944692,0
3,1,9.710747718811035,0,0,6.42179012298584,1.9627794056916779,0
3,0,51.36142349243164,0,0,33.741851806640625,1.945499298993916,0
1,0,7.97544002532959,0,2,6.860594749450684,1.9816582708602342,1
3,1,38.444725036621094,0,0,36.978641510009766,1.0041196153463539,1
2,0,31.538631439208984,0,0,33.04161834716797,1.005791497391145,0
1,0,44.50737762451172,0,0,3.679457902908325,2.917766730111541,0
3,0,39.20012664794922,0,0,9.55327320098877,2.879251446400984,0
1,0,23.06290626525879,5,0,11.767571449279785,1.0073147086622727,0
2,1,28.603689193725586,4,2,27.39535140991211,1.9983650564595705,1
2,1,17.196910858154297,0,2,130.12884521484375,1.965370557620358,1
3,0,53.225830078125,0,0,13.938003540039062,1.9602598800797806,0
2,0,37.50484848022461,0,0,21.41176986694336,1.9694330401185416,0
3,1,24.052900314331055,1,0,5.209524631500244,1.9919566865694027,1
3,0,39.276180267333984,0,0,12.755694389343262,2.002047662266533,0
1,1,47.33204650878906,1,0,41.437957763671875,1.9538094613184378,1
2,1,36.737518310546875,1,0,15.024272918701172,1.9637567404381144,1
1,1,47.12821960449219,1,0,12.143851280212402,1.9802502549445973,1
3,1,18.938915252685547,0,2,24.71807861328125,1.9866729324077579,1
2,1,37.65089797973633,1,0,37.885398864746094,1.0038295058038718,1
1,1,46.67258834838867,0,0,7.151278018951416,1.004837523193539,1
3,0,23.06808090209961,0,0,112.39070129394531,1.9674283186901422,1
2,0,28.256147384643555,0,0,8.470455169677734,1.0001756864768958,0
3,1,53.55233383178711,0,0,8.188825607299805,1.0025884597262278,1
2,0,32.135284423828125,0,0,13.174359321594238,1.981672492789403,0
3,0,16.184329986572266,1,0,3.6741597652435303,1.0010801109601457,0
3,1,54.30770492553711,0,0,98.29732513427734,2.942838174346411,0
1,0,10.679329872131348,1,0,2.7711594104766846,1.9691026290536513,0
3,1,46.63502883911133,0,0,120.46084594726562,1.9458070102334621,1
